Organism_Name	AAA	AAC	AAG	AAT	ACA	ACC	ACG	ACT	AGA	AGC	AGG	AGT	ATA	ATC	ATG	ATT	CAA	CAC	CAG	CAT	CCA	CCC	CCG	CCT	CGA	CGC	CGG	CGT	CTA	CTC	CTG	CTT	GAA	GAC	GAG	GAT	GCA	GCC	GCG	GCT	GGA	GGC	GGG	GGT	GTA	GTC	GTG	GTT	TAA	TAC	TAG	TAT	TCA	TCC	TCG	TCT	TGA	TGC	TGG	TGT	TTA	TTC	TTG	TTT
Shewanella violacea DSS12	0	0	0	0	0	0	11	0	0	0	0	0	0	0	0	0	1	0	1	13	1	0	1	1	0	0	0	0	0	0	0	0	3	3	1	3	2	6	0	4	1	2	1	1	8	4	2	7	2	8	4	0	0	1	0	1	3	3	3	3	0	8	3	9
Psychromonas ingrahamii 37	0	0	0	0	0	0	3	0	0	0	0	0	0	0	0	0	1	0	1	10	1	0	1	1	0	0	0	0	0	0	0	0	2	1	1	3	1	4	0	1	1	1	1	1	2	5	2	4	3	7	3	0	0	1	0	1	3	3	3	2	0	4	2	5
Desulfotalea psychrophila LSv54	0	0	0	0	0	0	2	0	0	0	0	0	0	0	0	0	1	0	1	5	1	0	0	1	0	0	0	1	0	2	0	0	2	1	2	2	1	2	0	1	1	1	1	2	2	6	2	1	1	6	1	0	1	2	1	1	1	2	1	1	0	2	2	2
Colwellia psychrerythraea 34H	0	0	0	0	0	0	3	0	0	0	0	0	0	0	0	0	1	0	0	9	2	0	1	0	0	0	0	0	0	0	0	0	2	1	1	2	1	4	0	1	1	1	1	1	2	5	2	4	3	6	2	0	0	1	0	1	3	7	4	2	0	6	2	6
Aequorivita sublithincola DSM 14238	0	0	0	0	0	0	1	0	0	0	0	0	0	0	0	0	1	0	0	3	1	0	0	1	0	0	0	0	0	0	0	0	1	0	1	2	1	1	0	1	1	1	1	1	1	1	1	1	1	1	1	0	0	1	1	1	1	2	1	1	0	1	1	1
Shewanella halifaxensis HAW-EB4	0	0	0	0	0	0	7	0	0	0	0	0	0	0	0	0	1	0	0	12	2	0	1	1	0	0	0	0	0	0	0	0	4	2	1	3	3	7	0	3	1	2	1	1	6	5	2	7	3	11	4	0	1	1	0	1	4	3	3	4	0	7	4	7
Aliivibrio salmonicida LFI1238	0	0	0	0	0	0	6	0	0	0	0	0	0	0	0	0	1	0	0	9	3	0	1	0	0	0	0	0	0	0	0	0	4	1	1	2	2	7	0	2	1	1	0	1	4	7	2	5	2	4	5	0	0	3	0	1	6	3	3	5	0	4	4	4
Renibacterium salmoninarum ATCC 33209	0	0	0	0	0	0	1	0	0	0	0	0	0	0	0	0	1	1	1	3	1	1	1	1	1	1	1	1	0	1	1	1	1	1	1	1	1	1	0	1	1	1	1	1	1	1	1	1	1	1	1	0	0	1	0	1	1	1	1	1	0	1	1	1
Shewanella sediminis HAW-EB3	0	0	0	0	0	0	9	0	0	0	0	0	0	0	0	0	1	0	1	12	1	0	1	1	0	0	0	0	0	0	0	0	3	3	1	3	3	7	0	3	1	2	1	1	5	4	2	7	3	9	3	0	0	1	0	1	4	3	3	3	0	10	3	10
Nostoc punctiforme PCC 73102	0	0	0	0	0	0	2	0	0	0	0	0	0	0	0	0	2	0	2	6	2	1	1	1	1	1	2	1	0	0	1	2	2	1	2	4	2	1	0	2	1	1	1	1	1	2	1	2	1	1	2	0	0	1	0	1	2	6	2	2	0	1	2	2
Terriglobus saanensis SP1PR4	0	0	0	0	0	0	1	0	0	0	0	0	0	0	0	0	1	1	1	3	1	1	1	1	1	1	1	1	0	1	1	1	1	1	1	1	2	1	0	1	1	1	1	1	1	1	1	1	0	1	1	0	0	1	1	1	1	1	1	1	0	1	1	1
Granulicella tundricola MP5ACTX9	0	0	0	0	0	0	1	0	0	0	0	0	0	0	0	0	1	1	1	3	1	1	1	1	1	1	1	1	0	1	1	1	1	1	1	1	2	1	0	1	1	1	1	1	1	1	1	1	1	1	1	0	0	1	0	1	1	1	1	1	0	1	1	1
Cellulophaga algicola DSM 14237	0	0	0	0	0	0	1	0	0	0	0	0	0	0	0	0	1	0	0	3	1	0	0	0	0	0	0	0	0	0	0	0	1	0	1	5	1	1	0	1	1	1	1	1	1	1	1	1	1	1	1	0	0	1	1	1	1	5	2	1	0	2	1	2
Leisingera methylohalidivorans DSM 14336	0	0	0	0	0	0	2	0	0	0	0	0	0	0	0	0	1	1	3	7	1	1	1	1	1	0	1	1	0	0	0	0	1	1	1	5	1	3	0	1	1	1	1	1	1	3	1	2	1	1	1	0	0	2	0	1	1	5	1	1	0	2	1	1
Polaromonas naphthalenivorans CJ2	0	0	0	0	0	0	1	0	0	0	0	0	0	0	0	0	1	1	1	6	1	1	1	1	1	0	1	1	0	0	0	1	1	1	1	2	2	2	0	1	1	1	1	1	1	2	1	1	1	1	1	0	0	1	0	1	1	2	1	1	0	2	1	1
Psychrobacter cryohalolentis K5	0	0	0	0	0	0	1	0	0	0	0	0	0	0	0	0	1	0	0	3	1	0	1	1	0	0	0	0	0	0	0	0	1	1	1	4	1	2	0	1	1	1	1	1	1	2	1	2	1	2	1	0	0	1	0	1	1	4	1	1	0	2	2	2
Psychrobacter arcticus 273-4	0	0	0	0	0	0	1	0	0	0	0	0	0	0	0	0	1	0	0	4	1	0	1	1	0	0	0	0	0	0	0	0	1	1	1	4	1	2	0	1	1	1	1	1	1	2	1	2	1	2	1	0	0	1	0	1	1	4	1	1	0	2	2	2
Treponema azotonutricium ZAS-9	0	0	0	0	0	0	0	0	0	0	0	0	0	0	0	0	1	1	1	3	1	1	1	1	1	1	1	1	0	1	1	1	1	1	1	0	1	1	1	1	1	1	1	1	1	1	1	1	1	1	1	0	0	1	1	1	1	2	1	1	0	1	1	1
Prochlorococcus marinus subsp. marinus str. CCMP1375	0	0	1	0	0	0	1	0	0	0	0	0	0	0	0	0	1	0	1	3	1	1	1	1	1	0	0	1	0	0	0	0	1	1	0	1	1	1	0	1	1	1	1	1	1	1	1	1	1	1	1	0	0	1	0	1	1	1	1	1	0	1	1	1
Sulfurimonas denitrificans DSM 1251	0	0	0	0	0	0	0	0	0	0	0	0	0	0	0	0	1	0	0	4	1	0	0	0	0	0	0	0	0	0	0	0	2	1	1	1	1	1	1	1	1	0	0	1	1	2	1	2	1	2	1	0	1	1	1	1	1	3	1	2	0	3	2	2
Pseudoalteromonas atlantica T6c	0	0	0	0	0	0	2	0	0	0	0	0	0	0	0	0	1	0	0	5	2	0	1	1	0	0	0	0	0	0	0	0	1	1	1	5	1	3	0	1	1	1	1	1	1	3	1	2	1	3	2	0	0	1	0	1	2	5	1	2	0	3	3	2
Sulfurimonas autotrophica DSM 16294	0	0	0	0	0	0	0	0	0	0	0	0	0	0	0	0	1	0	0	4	1	0	0	1	0	0	0	0	0	0	0	0	2	1	1	2	1	1	1	1	1	0	0	1	1	2	1	2	1	2	1	0	0	1	1	1	1	2	1	1	0	3	1	2
Chlorobium phaeobacteroides DSM 266	0	0	0	0	0	0	1	0	0	0	0	0	0	0	0	0	1	1	1	3	1	1	1	1	1	1	1	1	0	1	1	1	1	1	1	2	1	1	0	1	1	1	1	1	1	1	1	1	1	1	1	0	0	1	0	1	1	2	1	1	0	1	1	1
Gramella forsetii KT0803	0	0	0	0	0	0	1	0	0	0	0	0	0	0	0	0	1	0	0	3	1	0	0	1	0	0	0	0	0	0	0	0	1	1	1	3	1	1	0	1	1	1	1	1	1	1	1	1	1	1	1	0	0	2	1	1	1	3	2	2	0	2	1	2
Chlorobium limicola DSM 245	0	0	0	0	0	0	1	0	0	0	0	0	0	0	0	0	1	1	1	3	1	1	1	1	1	1	1	1	0	1	1	1	1	1	1	2	1	1	0	1	1	1	1	1	1	1	1	1	1	1	1	0	0	1	0	1	1	2	1	1	0	1	1	2
Prosthecochloris aestuarii DSM 271	0	0	0	0	0	0	1	0	0	0	0	0	0	0	0	0	1	1	1	4	1	1	1	1	1	1	1	1	0	1	1	1	1	1	1	1	1	1	0	1	1	1	1	1	1	1	1	1	1	1	1	0	0	1	0	1	1	1	1	1	0	1	1	1
Flavobacterium johnsoniae UW101	0	0	0	0	0	0	1	0	0	0	0	0	0	0	0	0	1	0	0	4	2	0	0	0	0	0	0	0	0	0	0	0	2	0	1	6	1	1	0	1	1	1	0	1	2	2	1	2	2	3	1	0	0	2	1	1	2	6	2	3	0	3	2	3
Candidatus Amoebophilus asiaticus 5a2	0	0	0	0	0	0	1	0	0	0	1	0	0	0	0	0	1	0	0	3	1	0	0	1	0	0	0	0	0	0	0	0	1	1	1	1	1	1	0	1	1	1	0	1	1	1	1	1	1	1	1	0	0	1	1	1	1	1	1	1	0	1	1	1
Chlorobaculum parvum NCIB 8327	0	0	0	0	0	0	1	0	0	0	0	0	0	0	0	0	1	1	1	4	1	1	1	1	1	1	1	1	0	1	1	1	1	1	1	2	1	2	0	1	1	1	1	1	1	1	1	1	1	1	1	0	0	1	0	1	1	2	1	1	0	1	1	1
Marivirga tractuosa DSM 4126	0	0	0	0	0	0	1	0	0	0	0	0	0	0	0	0	1	0	0	3	1	0	0	1	0	0	0	0	0	0	0	0	1	0	1	2	1	1	0	1	1	1	0	1	1	1	1	1	1	1	1	0	0	1	1	1	1	2	1	1	0	2	1	2
Runella slithyformis DSM 19594	0	0	0	0	0	0	1	0	0	0	0	0	0	0	0	0	1	0	1	3	1	0	1	1	0	0	0	1	0	0	0	0	1	1	1	2	1	2	0	1	1	1	1	1	1	1	1	1	0	2	1	0	0	1	0	1	1	2	2	2	0	1	1	1
Cellulophaga lytica DSM 7489	0	0	0	0	0	0	1	0	0	0	0	0	0	0	0	0	1	0	0	3	1	0	0	0	0	0	0	0	0	0	0	0	1	0	1	4	1	1	0	1	1	1	0	1	1	1	1	1	1	1	1	0	0	1	1	1	1	4	1	1	0	2	1	2
Muricauda ruestringensis DSM 13258	0	0	0	0	0	0	1	0	0	0	0	0	0	0	0	0	1	0	0	3	1	0	0	1	0	0	0	0	0	0	0	0	1	1	1	2	1	1	0	1	1	1	1	1	1	1	1	1	1	1	1	0	0	1	1	1	1	2	1	1	0	2	1	1
Cyclobacterium marinum DSM 745	0	0	0	0	0	0	1	0	0	0	0	0	0	0	0	0	1	0	0	3	1	0	0	1	0	0	0	0	0	0	0	0	1	1	1	1	1	1	0	1	1	1	1	1	1	2	1	1	1	2	1	0	0	1	1	1	1	1	1	1	0	2	1	2
Solitalea canadensis DSM 3403	0	0	0	0	0	0	1	0	0	0	0	0	0	0	0	0	1	0	1	5	1	0	1	1	0	0	0	1	0	0	0	1	2	0	1	4	1	3	0	1	0	1	1	1	1	2	1	2	2	3	1	0	0	1	0	1	2	4	2	1	0	4	1	3
Bernardetia litoralis DSM 6794	0	0	0	0	0	0	3	0	0	0	0	0	0	0	0	0	1	0	1	3	1	0	1	0	0	0	0	0	0	0	0	0	1	1	1	3	1	2	0	1	1	0	0	1	1	2	1	1	1	2	1	0	0	1	0	1	2	3	1	2	0	2	2	2
Rhodospirillum rubrum F11	0	0	0	0	0	0	1	0	0	0	0	0	0	0	0	0	1	1	1	5	1	1	1	1	1	1	1	1	0	1	1	1	1	1	1	4	1	1	0	1	1	2	1	2	1	1	1	1	1	1	1	0	0	1	0	1	1	4	1	1	0	1	1	1
Methylocella silvestris BL2	0	0	0	0	0	0	1	0	0	0	0	0	0	0	0	0	1	1	1	3	1	1	1	1	1	1	1	1	0	1	1	1	1	1	1	2	1	1	0	1	1	1	1	1	1	1	1	1	1	1	1	0	1	1	0	1	1	2	1	1	0	1	1	1
Rhodomicrobium vannielii ATCC 17100	0	0	0	0	0	0	1	0	0	0	0	0	0	0	0	0	1	1	1	3	1	1	1	1	1	1	1	1	0	1	1	1	1	1	1	2	1	2	0	1	1	1	1	1	1	1	1	1	1	1	1	0	0	1	0	1	1	2	1	1	0	1	1	1
Magnetococcus marinus MC-1	0	0	0	0	0	0	1	0	0	0	0	0	0	0	0	0	1	1	1	4	1	1	1	1	1	1	1	1	0	0	0	0	1	1	1	1	1	2	0	1	1	1	1	1	1	1	1	1	1	1	1	0	0	1	0	1	1	1	1	1	0	2	1	1
Rhodoferax ferrireducens T118	0	0	0	0	0	0	1	0	0	0	0	0	0	0	0	0	1	1	1	2	1	1	1	1	1	1	1	1	0	0	0	1	1	1	1	3	1	1	0	1	1	1	1	1	1	1	1	1	1	1	1	0	0	1	0	1	1	2	1	1	0	1	1	1
Leptothrix cholodnii SP-6	0	0	0	0	0	0	1	0	0	0	0	0	0	0	0	0	1	1	1	3	1	1	1	1	1	1	1	1	0	0	0	2	1	1	1	2	1	3	0	1	1	1	1	1	1	2	1	1	1	1	1	0	0	1	0	1	1	2	1	1	0	2	1	1
Methylotenera versatilis 301	0	0	0	0	0	0	1	0	0	0	0	0	0	0	0	0	1	0	1	3	1	1	1	1	0	0	0	0	0	0	0	1	1	1	1	3	1	1	0	1	1	1	1	1	1	2	1	2	1	2	1	0	0	1	0	1	1	3	2	2	0	1	1	1
Geobacter lovleyi SZ	0	0	0	0	0	0	1	0	0	0	0	0	0	0	0	0	1	1	1	3	1	1	1	1	1	0	1	1	0	0	0	0	1	1	1	2	1	1	0	1	1	1	1	1	1	2	1	1	1	1	1	0	1	1	0	1	1	2	1	1	0	1	1	1
Arcobacter nitrofigilis DSM 7299	0	0	0	0	0	0	0	0	0	0	0	0	0	0	0	0	1	0	0	6	1	0	0	0	0	0	0	0	0	0	0	0	2	1	1	4	1	0	0	1	1	0	0	2	2	2	1	2	2	2	1	0	1	3	1	1	2	4	1	2	0	3	2	3
Sulfuricurvum kujiense DSM 16994	0	0	0	0	0	0	0	0	0	0	0	0	0	0	0	0	1	0	0	5	1	0	1	0	0	0	0	0	0	0	0	0	1	1	1	3	1	1	1	1	1	1	1	1	1	2	1	2	1	2	1	0	0	2	1	1	1	3	1	2	0	3	2	2
Halorhodospira halophila SL1	0	0	0	0	0	0	1	0	0	0	0	0	0	0	0	0	1	1	1	4	1	1	1	1	1	1	1	1	0	1	1	1	1	1	1	1	1	1	0	1	1	1	1	1	1	1	1	1	1	1	1	0	0	1	0	1	1	1	1	1	0	1	1	1
Hahella chejuensis KCTC 2396	0	0	0	0	0	0	2	0	0	0	0	0	0	0	0	0	1	0	1	6	2	0	1	1	0	0	1	0	0	0	0	0	2	1	1	5	2	2	0	2	1	1	1	1	1	4	1	2	1	2	2	0	0	1	0	1	2	5	2	1	0	4	2	2
Shewanella pealeana ATCC 700345	0	0	0	0	0	0	7	0	0	0	0	0	0	0	0	0	1	0	0	13	2	0	1	1	0	0	0	0	0	0	0	0	4	2	1	3	4	8	0	3	1	2	1	1	6	6	2	7	4	11	5	0	1	1	0	1	4	3	3	4	0	13	5	12
Shewanella woodyi ATCC 51908	0	0	0	0	0	0	8	0	0	0	0	0	0	0	0	0	1	0	0	10	1	0	1	1	0	0	0	0	0	0	0	0	3	3	1	3	3	6	0	3	1	2	1	1	5	5	2	9	3	9	4	0	0	1	0	1	4	3	3	3	0	11	4	9
Halothiobacillus neapolitanus c2	0	0	0	0	0	0	1	0	0	0	0	0	0	0	0	0	1	0	1	3	1	1	1	1	0	0	1	1	0	0	0	0	1	1	1	2	1	2	0	1	1	1	1	1	1	1	1	1	1	1	1	0	0	1	0	1	1	2	1	1	0	2	1	1
Allochromatium vinosum DSM 180	0	0	0	0	0	0	1	0	0	0	0	0	0	0	0	0	1	1	1	4	1	1	1	1	1	1	1	1	0	1	1	1	1	1	1	3	1	1	0	1	1	1	1	1	1	1	1	1	1	1	1	0	1	1	0	1	1	3	1	1	0	1	1	1
Marinomonas mediterranea MMB-1	0	0	0	0	0	0	3	0	0	0	0	0	0	0	0	0	2	0	0	9	1	0	1	1	0	0	0	0	0	0	0	0	2	1	1	3	2	4	0	1	1	1	1	1	2	7	1	2	2	6	2	0	0	1	0	1	1	3	2	4	0	3	3	4
Marichromatium purpuratum 984	0	0	0	0	0	0	2	0	0	0	0	0	0	0	0	0	1	1	2	4	1	1	1	1	1	1	1	1	0	2	1	1	1	1	1	3	1	2	0	1	1	2	1	1	1	1	1	1	1	1	1	0	0	1	0	1	1	3	1	1	0	1	1	1
Glaciecola nitratireducens FR1064	0	0	0	0	0	0	2	0	0	0	0	0	0	0	0	0	1	0	0	3	2	0	1	0	0	0	0	0	0	0	0	0	1	1	1	4	1	2	0	1	1	1	1	1	1	3	1	2	1	2	2	0	0	1	0	1	1	4	2	2	0	2	3	2
Thiocystis violascens DSM 198	0	0	0	0	0	0	1	0	0	0	0	0	0	0	0	0	1	1	1	3	1	1	1	1	1	1	1	1	0	1	1	1	1	1	1	3	1	1	0	1	1	1	1	1	1	1	1	1	1	1	1	0	0	1	0	1	1	3	1	1	0	1	1	1
Vibrio atlanticus	0	0	0	0	0	0	8	0	0	0	0	0	0	0	0	0	1	0	0	9	2	0	1	0	0	0	0	0	0	0	0	0	4	1	1	1	5	8	0	2	1	1	0	2	8	6	2	5	4	4	8	0	0	3	0	1	4	3	3	5	0	3	5	3
Simkania negevensis Z	0	0	0	0	0	0	1	0	0	0	0	0	0	0	0	0	1	0	0	3	1	0	0	1	0	0	0	0	0	0	0	0	1	1	1	1	1	1	0	1	1	1	1	1	1	1	1	1	1	1	1	0	0	1	1	1	1	1	1	1	0	1	1	1
Parachlamydia acanthamoebae UV-7	0	0	0	0	0	0	1	0	0	0	0	0	0	0	0	0	1	0	1	4	1	1	0	1	1	0	0	0	0	0	0	0	1	1	1	1	1	2	0	1	1	1	1	1	1	1	1	1	1	1	1	0	0	1	1	1	1	1	1	1	0	1	1	1
Waddlia chondrophila WSU 86-1044	0	0	0	0	0	0	1	0	0	0	0	0	0	0	0	0	1	0	1	3	1	0	0	1	0	0	0	1	0	0	0	0	1	1	1	1	1	1	0	1	1	1	1	1	1	1	1	1	1	1	1	0	0	1	1	1	1	1	1	1	0	1	1	1
Coraliomargarita akajimensis DSM 45221	0	0	1	0	0	0	1	0	0	0	0	0	0	0	0	0	1	0	1	3	1	1	1	1	1	0	1	1	0	0	0	1	1	1	0	2	1	3	0	1	1	1	1	1	1	1	1	1	1	1	1	0	0	1	0	1	1	2	1	1	0	2	1	1
Sphaerochaeta globosa str. Buddy	0	0	0	0	0	0	0	0	0	0	0	0	0	0	0	0	1	1	1	3	1	1	1	1	1	1	1	1	0	1	1	1	1	1	1	1	1	1	1	1	1	1	1	1	1	2	1	1	1	1	1	0	0	1	1	1	1	2	1	1	0	1	1	1
Sphaerochaeta pleomorpha str. Grapes	0	0	0	0	0	0	0	0	0	0	0	0	0	0	0	0	1	1	1	3	1	1	1	1	1	1	1	1	0	1	1	1	1	1	1	1	1	1	1	1	1	1	1	1	1	2	1	1	1	1	1	0	0	1	1	1	1	3	1	1	0	1	1	1
Nakamurella multipartita DSM 44233	0	0	0	0	0	0	1	0	0	0	0	0	0	0	0	0	1	1	1	3	1	1	1	1	1	1	1	1	0	1	1	1	1	1	1	1	2	1	0	1	1	1	1	1	1	1	1	1	1	1	1	0	1	1	0	1	1	1	1	1	0	1	1	1
Microlunatus phosphovorus NM-1	0	0	0	0	0	0	1	0	0	0	0	0	0	0	0	0	1	1	1	3	1	1	1	1	1	1	1	1	0	1	1	1	1	1	1	1	1	1	0	1	1	1	1	1	1	1	1	1	1	1	1	0	1	1	0	1	1	1	1	1	0	1	1	1
Acaryochloris marina MBIC11017	0	0	0	0	0	0	2	0	0	0	0	0	0	0	0	0	2	1	1	4	2	1	1	1	1	1	1	1	0	0	1	1	2	1	2	2	2	2	0	2	1	1	1	1	1	2	2	2	1	2	2	0	0	1	1	2	1	2	2	2	0	2	2	1
Terriglobus roseus DSM 18391	0	0	0	0	0	0	1	0	0	0	0	0	0	0	0	0	1	1	1	3	1	1	1	1	2	1	1	1	0	1	2	1	1	1	1	2	2	1	0	1	1	1	1	1	1	2	1	1	2	1	1	0	0	1	0	1	1	2	1	1	0	1	1	1
Niastella koreensis GR20-10	0	0	0	0	0	0	2	0	0	0	0	0	0	0	0	0	1	0	1	3	1	1	1	1	1	0	1	0	0	0	1	1	1	1	1	2	1	1	0	2	1	1	1	1	1	2	1	2	1	2	1	0	0	1	0	0	2	2	2	1	0	3	2	4
Haliscomenobacter hydrossis DSM 1100	0	0	0	0	0	0	2	0	0	0	0	0	0	0	0	0	1	0	1	4	1	1	1	1	1	0	0	1	0	0	0	0	1	1	1	2	1	2	0	1	1	1	1	1	1	3	1	2	0	1	2	0	0	1	0	1	1	2	1	2	0	3	2	1
Hyphomonas neptunium ATCC 15444	0	0	0	0	0	0	1	0	0	0	0	0	0	0	0	0	1	1	1	3	1	1	1	1	1	0	1	1	0	0	0	0	2	1	1	1	1	1	0	1	1	1	1	1	1	1	1	1	1	1	1	0	1	1	0	1	1	1	1	1	0	1	1	1
Desulfobacterium autotrophicum HRM2	0	0	0	0	0	0	1	0	0	0	0	0	0	0	0	0	1	1	1	4	1	1	1	1	1	0	1	1	0	1	1	1	2	1	2	1	1	2	0	1	1	1	1	1	1	1	1	1	1	1	1	0	1	1	1	1	1	1	1	1	0	1	1	1
Marinomonas posidonica IVIA-Po-181	0	0	0	0	0	0	3	0	0	0	0	0	0	0	0	0	2	0	0	8	1	0	1	1	0	0	0	0	0	0	0	0	1	1	1	3	1	6	0	1	1	2	1	1	2	6	1	2	1	6	2	0	0	1	0	1	1	3	2	4	0	7	3	3
Pseudoalteromonas translucida	0	0	0	0	0	0	4	0	0	0	0	0	0	0	0	0	1	0	0	7	2	0	1	1	0	0	0	0	0	0	0	0	3	2	1	2	2	6	0	2	1	1	1	1	3	11	2	4	3	7	4	0	0	1	0	1	4	3	3	3	0	7	4	8
Pirellula staleyi DSM 6068	0	0	0	0	0	0	1	0	0	0	0	0	0	0	0	0	1	1	1	3	1	1	1	1	1	1	1	1	0	1	1	1	1	1	1	1	1	1	0	1	1	1	1	1	1	1	1	1	1	1	1	0	0	1	1	1	1	1	1	1	0	1	1	1
Gloeobacter violaceus PCC 7421	0	0	0	0	0	0	1	0	0	0	0	0	0	0	0	0	1	1	1	2	1	1	1	1	1	1	1	1	0	1	1	1	1	1	1	1	1	1	0	1	1	1	1	1	1	1	1	1	1	1	1	0	0	1	0	1	1	1	1	1	0	1	1	1
Zunongwangia profunda SM-A87	0	0	0	0	0	0	1	0	0	0	0	0	0	0	0	0	1	0	0	3	1	0	0	1	0	0	0	0	0	0	0	0	2	0	1	3	1	1	0	1	1	1	1	1	1	1	1	2	2	2	1	0	0	2	1	1	1	3	2	2	0	2	1	2
Pedobacter heparinus DSM 2366	0	0	0	0	0	0	1	0	0	0	0	0	0	0	0	0	1	0	1	4	1	0	1	1	0	0	0	0	0	0	0	0	1	0	1	3	2	2	0	1	1	1	0	1	1	1	1	1	1	2	1	0	0	1	0	1	1	3	2	1	0	2	1	2
Saprospira grandis str. Lewin	0	0	0	0	0	0	1	0	0	0	0	0	0	0	0	0	1	0	0	4	1	0	1	0	0	0	0	0	0	0	0	0	2	1	1	1	1	2	0	2	1	1	1	1	1	4	2	2	0	2	1	0	0	1	0	1	1	1	1	1	0	3	2	3
Beijerinckia indica subsp. indica ATCC 9039	0	0	0	0	0	0	1	0	0	0	0	0	0	0	0	0	1	2	1	5	1	1	1	1	1	1	1	1	0	1	1	1	1	1	1	3	1	1	0	1	1	1	1	1	1	1	1	1	0	1	1	0	0	1	0	1	1	3	1	1	0	1	1	1
Hyphomicrobium denitrificans ATCC 51888	0	0	0	0	0	0	1	0	0	0	0	0	0	0	0	0	1	1	1	3	1	1	1	1	1	1	1	1	0	1	1	1	1	1	1	1	1	1	0	1	1	1	1	1	1	1	1	1	1	1	1	0	0	1	1	1	1	1	1	1	0	1	1	1
Methylibium petroleiphilum PM1	0	0	0	0	0	0	2	0	0	0	0	1	0	0	0	0	2	2	2	4	2	1	2	2	2	1	2	1	0	0	0	2	2	1	2	2	2	2	0	2	1	1	2	1	2	2	2	2	0	1	1	0	0	1	0	1	1	2	2	1	0	2	2	1
Verminephrobacter eiseniae EF01-2	0	0	0	0	0	0	1	0	0	0	0	0	0	0	0	0	1	1	1	3	1	1	1	1	1	0	1	1	0	0	0	1	1	1	1	3	1	1	0	1	1	1	1	1	1	1	1	2	1	1	1	0	0	1	0	1	1	3	1	1	0	1	1	1
Sideroxydans lithotrophicus ES-1	0	0	0	0	0	0	1	0	0	0	0	0	0	0	0	0	1	1	1	3	1	1	1	1	1	1	1	1	0	0	0	1	1	1	1	2	1	1	0	1	1	1	1	1	1	1	1	1	1	1	1	0	0	1	0	1	1	2	1	1	0	1	1	1
Desulfurispirillum indicum S5	0	0	0	0	0	0	1	0	0	0	0	0	0	0	0	0	1	0	1	3	1	0	0	1	0	0	1	0	0	0	0	0	1	1	1	1	1	1	0	1	1	1	1	1	1	1	1	1	1	1	1	0	0	1	1	1	1	1	1	1	0	1	1	1
Fluviicola taffensis DSM 16823	0	0	0	0	0	0	0	0	0	0	0	0	0	0	0	0	1	0	0	3	1	0	0	0	0	0	0	0	0	0	0	0	1	0	1	2	3	1	0	2	1	0	0	1	2	1	1	1	1	1	2	0	0	1	1	1	1	1	3	1	0	2	2	1
Nitrobacter hamburgensis X14	0	0	0	0	0	0	1	0	0	0	0	0	0	0	0	0	1	1	1	3	1	1	1	1	2	1	3	1	0	1	1	1	1	1	1	1	1	1	0	1	1	1	1	1	1	1	1	1	1	1	1	0	0	1	1	1	1	1	1	1	0	1	1	1
Nitrobacter winogradskyi Nb-255	0	0	0	0	0	0	1	0	0	0	0	0	0	0	0	0	1	1	1	3	1	1	1	1	1	1	1	1	0	1	1	1	1	1	1	1	1	1	0	1	1	1	1	1	1	1	1	1	1	1	1	0	0	1	1	1	1	1	1	1	0	1	1	1
Sphingopyxis alaskensis RB2256	0	0	0	0	0	0	1	0	0	0	0	0	0	0	0	0	1	1	1	3	1	1	1	1	1	1	1	1	0	1	1	1	1	1	1	1	1	1	0	1	1	1	1	1	1	1	1	1	1	1	1	0	0	1	0	1	1	1	1	1	0	1	1	1
Methylobacterium nodulans ORS 2060	0	0	0	0	0	0	1	0	0	0	0	0	0	0	0	0	1	1	1	9	1	1	1	0	1	1	1	1	0	1	1	1	2	1	1	7	1	2	0	1	1	2	1	2	1	2	1	2	1	1	1	0	0	1	1	1	1	7	1	1	0	1	1	1
Mesorhizobium opportunistum WSM2075	0	0	0	0	0	0	1	0	0	0	0	0	0	0	0	0	1	1	1	5	1	1	1	1	1	1	1	1	0	1	1	1	1	1	1	2	2	1	0	1	1	1	1	1	1	1	1	1	1	1	1	0	0	1	0	1	1	2	1	1	0	1	2	1
Polymorphum gilvum SL003B-26A1	0	0	0	0	0	0	1	0	0	0	0	0	0	0	0	0	1	1	1	4	1	1	1	1	1	1	1	1	0	1	1	1	1	1	1	2	1	1	0	1	1	1	1	1	1	2	1	1	1	1	1	0	1	1	0	1	1	2	1	1	0	1	1	1
Mesorhizobium australicum WSM2073	0	0	0	0	0	0	1	0	0	0	0	0	1	0	0	0	1	1	1	5	1	1	1	1	1	1	1	1	0	1	1	1	1	1	1	2	2	1	0	1	1	1	1	1	1	1	1	1	1	1	1	0	0	1	0	1	1	2	1	1	0	1	2	1
Nitrosomonas europaea ATCC 19718	0	0	0	0	0	0	1	0	0	0	0	0	0	0	0	0	1	1	1	3	1	1	1	1	1	0	1	1	0	0	0	0	1	1	1	1	1	1	0	1	1	1	1	1	1	1	1	1	1	1	1	0	0	1	0	1	1	1	1	1	0	1	1	1
Aromatoleum aromaticum EbN1	0	0	0	0	0	0	1	0	0	0	0	0	0	0	0	0	1	2	2	3	1	1	1	1	1	1	1	1	0	0	0	1	1	1	1	4	1	2	0	1	1	2	1	1	1	2	1	2	1	1	1	0	0	1	0	1	1	4	1	1	0	2	1	1
Nitrosomonas eutropha C91	0	0	0	0	0	0	1	0	0	0	0	0	0	0	0	0	1	1	1	3	1	1	1	1	1	0	1	1	0	0	0	0	1	1	1	1	1	1	0	1	1	1	1	1	1	1	1	1	1	1	1	0	0	1	0	1	1	1	1	1	0	1	1	1
Paraburkholderia phymatum STM815	0	0	0	0	0	0	2	0	0	0	0	0	0	0	0	0	1	1	2	4	1	1	1	1	1	2	1	1	0	0	0	1	1	2	2	6	1	2	0	1	1	1	1	1	1	3	1	2	0	1	1	0	1	1	0	1	1	6	1	1	0	2	1	1
Acidovorax avenae subsp. avenae ATCC 19860	0	0	0	0	0	0	1	0	0	0	0	0	0	0	0	0	1	2	2	2	1	1	1	1	1	0	1	1	0	0	0	1	1	1	1	3	1	2	0	1	1	2	1	1	1	2	1	2	1	1	1	0	0	1	0	1	1	3	1	1	0	2	1	1
Gallionella capsiferriformans ES-2	0	0	0	0	0	0	2	0	0	0	0	0	0	0	0	0	1	0	1	3	1	1	1	1	1	0	0	1	0	0	0	1	1	1	1	3	1	2	0	1	1	1	1	1	1	2	1	1	1	2	1	0	0	1	0	1	1	3	2	1	0	2	1	1
Acidovorax citrulli AAC00-1	0	0	0	0	0	0	1	0	0	0	0	0	0	0	0	0	1	2	2	3	1	1	1	1	1	0	1	1	0	0	0	1	1	1	1	3	1	2	0	1	1	2	1	1	1	2	1	2	1	1	1	0	0	1	0	1	1	3	1	1	0	2	1	1
Mycetohabitans rhizoxinica HKI 454	0	0	0	0	0	0	1	0	0	0	0	0	0	0	0	0	0	1	1	4	1	1	1	1	1	1	1	1	0	0	0	1	1	1	1	3	1	2	0	1	1	1	1	1	1	1	1	1	0	1	1	0	0	1	0	1	1	3	1	1	0	1	1	1
Polynucleobacter asymbioticus QLW-P1DMWA-1	0	0	0	0	0	0	1	0	0	0	0	0	0	0	0	0	1	0	1	2	1	0	1	1	1	0	0	1	0	0	0	0	1	1	1	1	2	1	0	1	1	1	1	1	1	1	1	1	1	1	1	0	0	1	0	1	1	1	1	1	0	1	1	1
Paraburkholderia atlantica	0	0	0	0	0	0	2	0	0	0	0	0	0	0	0	0	1	1	2	4	1	1	1	1	1	2	1	1	0	0	0	1	1	2	2	7	1	3	0	1	1	1	1	2	1	4	1	3	1	1	1	0	1	1	0	1	1	7	1	1	0	2	2	3
Dickeya dadantii 3937	0	0	0	0	0	0	3	0	0	0	0	0	0	0	0	0	1	0	4	6	1	1	1	1	1	0	1	1	0	0	2	1	2	2	1	3	1	4	0	1	2	2	1	2	2	3	1	3	1	3	1	0	0	1	0	1	1	3	1	1	0	4	1	3
Saccharophagus degradans 2-40	0	0	0	0	0	0	1	0	0	0	0	0	0	0	0	0	1	0	1	3	1	0	0	1	0	0	0	0	0	0	0	0	1	1	1	1	1	1	0	1	1	1	1	1	1	2	1	2	1	2	1	0	0	1	1	1	1	1	1	1	0	1	1	2
Xenorhabdus bovienii SS-2004	0	0	0	0	0	0	3	0	0	0	0	0	0	0	0	0	1	0	3	7	1	0	1	1	0	0	0	0	0	0	1	0	6	2	1	4	1	4	0	1	2	2	1	2	2	3	1	4	1	4	1	0	0	1	0	1	2	4	2	2	0	3	2	5
Ferrimonas balearica DSM 9799	0	0	0	0	0	0	6	0	0	0	0	0	0	0	0	0	1	0	3	13	1	1	1	1	0	0	2	0	0	0	0	0	3	3	1	3	2	7	0	1	2	6	2	3	6	6	2	4	1	7	1	1	0	1	0	1	2	3	1	1	0	9	4	9
Tolumonas auensis DSM 9187	0	0	0	0	0	0	4	0	0	0	0	0	0	0	0	0	1	0	4	7	2	1	1	1	0	0	0	1	0	0	1	1	3	2	1	3	2	6	0	1	1	2	1	2	3	3	3	4	1	4	2	0	0	2	0	1	2	3	3	2	0	4	2	3
Thiomicrospira cyclica ALM1	0	0	0	0	0	0	1	0	0	0	0	0	0	0	0	0	1	0	0	3	1	0	1	1	0	0	0	0	0	0	0	0	1	1	1	2	1	2	0	1	1	1	1	1	1	2	1	1	1	2	1	0	0	1	0	1	1	2	1	1	0	2	1	1
Singulisphaera acidiphila DSM 18658	0	0	0	0	1	0	1	0	0	0	0	0	0	0	0	0	1	1	2	6	1	1	1	1	1	1	2	1	0	1	1	1	1	3	2	2	2	1	0	2	2	1	2	1	1	2	2	2	1	1	1	0	0	1	2	1	1	2	1	1	0	2	2	0
Opitutus terrae PB90-1	0	0	0	0	0	0	1	0	0	0	0	0	0	0	0	0	2	1	2	4	1	1	1	1	1	1	1	1	0	2	1	1	2	1	2	1	2	2	0	1	1	1	1	1	2	1	2	2	1	2	1	0	0	1	1	1	1	1	1	1	0	2	2	2
Treponema primitia ZAS-2	0	0	0	0	0	0	0	0	0	0	0	0	0	0	0	0	1	1	1	3	1	1	1	1	1	1	1	1	0	1	1	1	1	1	3	1	1	2	1	1	1	1	1	1	1	1	1	1	1	1	1	0	1	1	1	1	1	1	1	1	0	1	1	1
Salinispora tropica CNB-440	0	0	0	0	0	0	1	0	0	0	0	0	0	0	0	0	1	1	1	4	1	1	1	1	1	1	1	1	0	2	1	1	1	2	1	1	1	2	0	1	1	1	1	1	1	1	1	1	1	1	1	0	1	1	0	1	1	1	1	1	0	1	1	1
Saccharopolyspora erythraea NRRL 2338	0	0	0	0	0	0	1	0	0	0	0	0	0	0	0	0	1	1	1	4	1	1	1	1	1	1	1	1	0	2	1	1	1	2	1	1	1	2	0	1	1	1	1	1	1	1	1	1	1	1	1	0	1	1	0	1	1	1	1	1	0	1	1	1
Streptomyces avermitilis MA-4680 = NBRC 14893	0	0	0	0	0	0	1	0	0	0	0	0	0	0	0	0	1	3	1	6	1	1	1	1	1	1	1	1	0	3	2	3	1	3	2	1	2	3	0	2	1	2	3	2	1	2	1	2	1	1	1	0	0	3	0	1	1	1	1	1	0	1	1	1
Streptomyces scabiei 87.22	0	0	0	0	0	0	1	0	0	0	0	0	0	0	0	0	1	2	1	7	3	1	1	1	1	1	1	1	0	3	2	3	1	3	2	1	3	3	0	2	1	2	3	2	1	2	1	2	1	1	1	1	0	2	0	1	1	1	1	1	0	1	1	1
Frankia alni ACN14a	0	0	0	0	0	0	1	0	0	0	0	0	0	0	0	0	1	1	1	3	1	1	1	1	1	1	1	1	0	1	1	1	1	1	1	1	1	1	0	1	1	1	1	1	1	1	1	1	1	1	1	0	0	1	0	1	1	1	1	1	0	1	1	1
Pseudarthrobacter chlorophenolicus A6	0	0	0	0	0	0	2	0	0	0	0	0	0	0	0	0	2	2	2	6	2	1	2	2	2	1	2	2	0	2	1	2	2	2	2	2	2	3	0	1	1	3	2	2	2	2	2	2	1	1	1	0	0	2	0	2	2	2	2	2	0	2	2	2
Micromonospora aurantiaca ATCC 27029	0	0	0	0	0	0	1	0	0	0	0	0	0	0	0	0	1	1	1	4	1	1	1	1	1	1	1	1	0	3	1	2	1	2	1	1	1	2	0	1	1	1	1	1	1	1	1	1	1	1	1	0	1	1	0	1	1	1	1	1	0	1	1	1
Streptomyces griseus subsp. griseus NBRC 13350	0	0	0	0	0	0	1	0	0	0	0	0	0	0	0	0	1	2	1	6	2	1	1	1	1	1	1	1	0	3	2	3	1	3	2	1	2	3	0	1	1	2	2	2	1	2	1	2	1	1	1	0	0	2	0	1	1	1	1	1	0	1	1	1
Pseudonocardia dioxanivorans CB1190	0	0	0	0	0	0	1	0	0	0	0	0	0	0	0	0	1	1	1	3	1	1	1	1	1	1	1	1	0	1	1	1	1	1	1	1	1	2	0	1	1	1	1	1	1	1	1	1	1	1	1	0	1	1	0	1	1	1	1	1	0	1	1	1
Intrasporangium calvum DSM 43043	0	0	0	0	0	0	1	0	0	0	0	0	0	0	0	0	1	1	1	3	1	1	1	1	1	1	1	1	0	1	1	1	1	1	1	1	1	2	0	1	1	1	1	1	1	1	1	1	1	1	1	0	0	2	0	1	1	1	1	1	0	1	1	1
Isoptericola variabilis 225	0	0	0	0	0	0	1	0	0	0	0	0	0	0	0	0	1	1	1	3	1	1	1	1	1	1	1	1	0	2	1	2	1	2	1	1	1	2	0	1	1	1	1	1	1	1	1	1	1	1	1	0	0	1	0	1	1	1	1	1	0	1	1	1
Glutamicibacter arilaitensis Re117	0	0	0	0	0	0	2	0	0	0	0	0	0	0	0	0	1	1	1	5	1	1	1	1	1	0	1	1	0	2	2	3	1	2	1	1	1	4	0	1	1	2	1	2	1	2	2	2	1	2	1	0	0	1	0	1	1	2	3	1	0	1	1	1
Gordonia bronchialis DSM 43247	0	0	0	0	0	0	1	0	0	0	0	0	0	0	0	0	1	1	1	3	1	1	1	1	1	1	1	1	0	1	1	1	1	1	1	2	1	1	0	1	1	1	1	1	1	1	1	1	1	1	1	0	1	1	0	1	1	1	1	1	0	1	1	1
Xylanimonas cellulosilytica DSM 15894	0	0	0	0	0	0	1	0	0	0	0	0	0	0	0	0	1	1	1	3	1	1	1	1	1	1	1	1	0	2	1	2	1	2	1	1	1	2	0	1	1	2	1	1	1	1	1	1	1	1	1	0	0	1	0	1	1	1	1	1	0	1	2	1
Kribbella flavida DSM 17836	0	0	0	0	0	0	2	0	0	0	0	0	0	0	0	0	2	1	2	4	1	1	1	1	1	1	1	1	0	1	2	1	1	2	1	1	2	2	0	1	1	1	1	1	1	1	1	1	1	1	1	0	0	1	0	1	1	1	1	1	0	1	0	1
Conexibacter woesei DSM 14684	0	0	0	0	0	0	1	0	0	0	0	0	0	0	0	0	1	1	1	3	1	1	1	1	1	1	1	1	0	1	1	1	1	1	1	1	1	1	0	1	1	1	1	1	1	1	1	1	1	1	1	0	0	1	0	1	1	1	1	1	0	1	1	1
Streptosporangium roseum DSM 43021	0	0	0	0	0	0	1	0	0	0	0	0	0	0	0	0	1	1	1	4	1	1	1	1	1	1	1	1	0	2	1	3	1	3	1	1	3	4	0	1	1	4	1	1	1	1	1	1	1	1	1	0	2	1	0	1	1	1	1	1	0	1	1	1
Geodermatophilus obscurus DSM 43160	0	0	0	0	0	0	1	0	0	0	0	0	0	0	0	0	1	1	1	4	1	1	1	1	1	1	1	1	1	2	1	1	1	1	1	1	1	1	0	1	1	1	1	1	1	1	1	1	1	1	1	0	0	1	0	1	1	1	1	1	0	1	1	1
Stackebrandtia nassauensis DSM 44728	0	0	0	0	0	0	1	0	0	0	0	0	0	0	0	0	1	1	1	3	1	1	1	1	1	1	1	1	0	1	1	1	1	1	1	1	1	1	0	1	1	1	1	1	1	1	1	1	1	1	1	0	0	1	0	1	1	1	1	1	0	1	1	1
Cellulomonas flavigena DSM 20109	0	0	0	0	0	0	1	0	0	0	0	0	0	0	0	0	1	1	1	3	1	1	1	1	1	1	1	1	0	1	1	1	1	1	1	1	1	1	0	1	1	1	1	1	1	1	1	1	1	1	1	0	0	1	0	1	1	1	1	1	0	1	1	1
Tsukamurella paurometabola DSM 20162	0	0	0	0	0	0	1	0	0	0	0	0	0	0	0	0	1	1	1	4	1	1	1	1	1	1	1	1	0	2	1	1	1	1	1	1	1	2	0	1	1	1	1	1	1	1	1	1	1	1	1	0	0	1	0	1	1	1	1	1	0	1	1	1
Actinosynnema mirum DSM 43827	0	0	0	0	0	0	1	0	0	0	0	0	0	0	0	0	1	1	2	5	2	1	1	1	1	1	1	1	0	3	1	1	1	2	1	1	1	3	0	1	1	2	1	1	1	1	2	1	1	1	1	0	0	1	0	1	1	1	1	2	0	1	1	1
Catenulispora acidiphila DSM 44928	0	0	0	0	0	0	1	0	0	0	0	0	0	0	0	0	1	1	2	4	1	1	1	1	1	1	1	1	0	3	1	2	1	1	2	1	1	2	1	2	1	1	1	1	1	1	1	1	1	1	1	0	1	1	0	1	1	1	1	1	0	1	1	1
Micromonospora maris AB-18-032	0	0	0	0	0	0	1	0	0	0	0	0	0	0	0	0	1	1	1	4	1	1	1	1	1	1	1	1	0	2	1	2	1	2	1	1	1	2	0	1	1	1	1	1	1	1	1	1	1	1	1	0	1	1	0	1	1	1	1	1	0	1	1	1
Hoyosella subflava DQS3-9A1	0	0	0	0	0	0	1	0	0	0	0	0	0	0	0	0	1	1	1	3	1	1	1	1	1	1	1	1	0	1	1	1	1	1	1	1	1	1	0	1	1	1	1	1	1	1	1	1	1	1	1	0	0	1	0	1	1	1	1	1	0	1	1	1
Kitasatospora setae KM-6054	0	0	0	0	0	0	2	0	0	0	0	1	0	0	0	0	1	2	1	5	1	1	1	1	1	1	1	1	0	3	2	4	1	3	2	1	4	4	0	1	1	3	1	2	1	2	1	2	1	1	1	0	0	1	0	1	1	1	1	1	0	1	1	1
Streptomyces cattleya NRRL 8057 = DSM 46488	0	0	0	0	0	0	1	0	0	0	0	0	0	0	0	0	1	2	1	5	1	1	1	1	1	1	1	1	0	2	1	4	1	3	2	1	1	3	0	1	1	2	1	2	1	2	1	2	1	1	1	0	0	2	0	1	1	1	1	1	0	2	1	1
Gordonia polyisoprenivorans VH2	0	0	0	0	0	0	1	0	0	0	0	0	0	0	0	0	1	1	1	3	1	1	1	1	1	1	1	1	0	1	1	1	1	2	1	1	2	2	0	1	1	1	1	1	1	1	1	1	1	1	1	0	1	1	0	1	1	1	1	1	0	1	1	1
Nocardia cyriacigeorgica GUH-2	0	0	0	0	0	0	2	0	0	0	0	0	0	0	0	0	1	1	1	4	1	1	1	1	1	1	1	1	0	1	1	1	1	1	1	1	2	2	0	1	1	1	1	1	1	1	1	1	1	1	1	0	0	1	0	1	1	1	1	1	0	1	1	1
Frankia casuarinae	0	0	0	0	0	0	1	0	0	0	0	0	0	0	0	0	1	1	1	3	1	1	1	1	1	1	1	1	0	1	1	1	1	1	1	1	1	1	0	1	1	1	1	1	1	1	1	1	1	1	1	0	0	1	0	1	1	1	1	1	0	1	1	1
Frankia inefficax	0	0	0	0	0	0	1	0	0	0	0	0	0	0	0	0	1	1	1	4	1	1	1	1	1	1	1	1	0	1	1	1	1	1	1	1	1	1	0	1	1	1	1	1	1	1	1	1	1	1	1	0	0	1	0	1	1	1	1	1	0	1	1	1
Deinococcus deserti VCD115	0	0	0	0	0	0	1	0	0	0	0	0	0	0	0	0	1	1	1	3	1	1	1	1	2	1	1	1	0	0	1	1	1	1	1	1	1	3	0	1	1	1	1	1	1	2	1	1	1	1	1	0	0	1	0	1	1	1	1	1	0	1	1	1
Syntrophobotulus glycolicus DSM 8271	0	0	0	0	0	0	1	0	0	0	0	0	0	0	0	0	1	0	1	3	1	1	1	1	2	1	1	1	0	0	1	1	2	1	1	2	1	2	0	1	1	2	1	1	1	2	1	2	1	2	1	0	0	1	0	1	1	2	1	1	0	2	1	2
Leuconostoc kimchii IMSNU 11154	0	0	1	0	0	0	2	0	0	0	0	1	0	0	0	0	2	0	1	6	1	0	0	1	1	0	0	1	0	1	1	2	2	0	0	2	1	2	0	1	3	0	0	0	2	3	1	3	2	3	1	0	0	2	0	1	2	4	2	2	0	4	2	1
Desulfosporosinus meridiei DSM 13257	0	0	0	0	0	0	2	0	1	0	0	0	0	0	0	0	1	1	1	5	2	1	1	1	1	0	1	1	0	0	0	2	2	1	2	2	2	3	0	2	1	2	1	2	2	4	1	3	3	3	1	0	0	3	1	1	1	2	2	2	0	4	2	4
Pediococcus claussenii ATCC BAA-344	0	0	1	0	0	0	2	0	0	0	0	0	0	0	0	0	1	0	1	4	1	1	1	1	1	1	1	1	0	1	1	1	2	0	0	3	1	2	0	1	1	0	0	1	1	3	1	3	1	3	1	0	0	1	1	1	1	2	1	2	0	2	1	1
Echinicola vietnamensis DSM 17526	0	0	0	0	0	0	1	0	0	0	0	0	0	0	0	0	1	0	1	3	1	0	0	1	0	0	0	0	0	0	0	0	1	1	1	1	1	1	0	1	1	1	1	1	1	2	1	1	1	2	1	0	0	1	1	1	1	1	2	2	0	2	1	2
Paraburkholderia xenovorans LB400	0	0	0	0	0	0	2	0	0	0	0	0	0	0	0	0	1	1	2	4	1	1	1	1	1	1	1	1	0	0	0	1	1	2	1	6	1	2	0	1	1	1	1	1	1	3	1	2	1	1	1	0	1	1	0	1	1	6	1	1	0	2	1	2
Nitrosospira multiformis ATCC 25196	0	0	0	0	0	0	1	0	0	0	0	0	0	0	0	0	1	1	1	3	1	1	1	1	1	1	1	1	0	0	0	1	1	1	1	1	1	1	0	1	1	1	1	1	1	1	1	1	1	1	1	0	0	1	0	1	1	1	1	1	0	1	1	1
Burkholderia lata	0	0	0	0	0	0	3	0	0	0	0	0	0	0	0	0	1	1	3	5	1	1	1	1	1	1	1	1	0	0	0	1	1	2	2	5	1	3	0	1	1	1	1	1	1	4	1	2	0	1	1	0	2	1	0	1	1	5	1	1	0	3	1	1
Edwardsiella ictaluri 93-146	0	0	0	0	0	0	2	0	0	0	0	0	0	0	0	0	1	0	4	7	1	1	1	1	0	0	2	1	0	0	2	1	2	2	1	3	2	5	0	1	2	4	1	2	3	3	1	6	1	6	1	0	1	1	0	1	2	3	1	1	0	5	2	7
Erwinia billingiae Eb661	0	0	0	0	0	0	4	0	0	0	0	0	0	0	0	0	1	0	4	7	1	0	1	1	0	0	0	0	0	0	2	0	2	3	1	3	1	4	0	1	2	2	1	1	2	3	1	3	1	3	1	0	1	1	0	1	2	3	2	1	0	4	2	4
Frateuria aurantia DSM 6220	0	0	0	0	0	0	3	0	0	0	0	0	0	0	0	0	1	2	2	5	1	1	1	1	1	1	2	1	0	1	2	3	1	1	1	4	1	3	0	1	1	3	1	2	1	4	2	1	0	1	1	0	0	1	0	1	1	4	1	1	0	3	1	1
Rhodanobacter denitrificans	0	0	0	0	0	0	1	0	0	0	0	0	0	0	0	0	1	1	1	3	1	1	1	1	1	1	1	1	0	1	1	1	1	1	1	2	1	2	0	1	1	1	1	1	1	2	1	1	1	1	1	0	0	1	0	1	1	2	1	1	0	1	1	1
Deinococcus gobiensis I-0	0	0	0	0	0	0	1	0	0	0	0	0	0	0	0	0	1	1	1	3	1	1	1	1	1	1	1	1	0	0	1	1	1	1	1	1	1	3	0	1	1	1	1	1	1	2	1	1	1	1	1	0	0	1	0	1	1	1	1	1	0	1	1	1
Oceanobacillus iheyensis HTE831	0	0	0	0	0	0	3	0	0	0	0	0	0	0	0	0	1	0	0	5	1	0	1	1	0	0	0	0	0	0	0	0	2	1	1	2	1	3	0	1	1	1	0	1	2	3	2	4	2	4	2	0	0	3	0	1	2	3	3	3	0	3	3	4
Acidobacterium capsulatum ATCC 51196	0	0	0	0	0	0	1	0	0	0	0	0	0	0	0	0	1	1	1	3	1	1	1	1	1	1	1	1	0	1	1	1	1	1	1	1	2	1	0	1	1	1	1	1	1	1	1	1	0	1	1	0	0	1	0	1	1	1	1	1	0	1	1	1
Elusimicrobium minutum Pei191	0	0	0	0	0	0	0	0	0	0	0	0	0	0	0	0	1	1	1	3	1	1	0	1	1	1	1	1	0	1	1	1	1	1	1	1	1	1	1	1	1	1	1	1	1	1	1	1	1	1	1	0	0	1	1	1	1	1	1	1	0	1	1	1
Cytophaga hutchinsonii ATCC 33406	0	0	0	0	0	0	1	0	0	0	0	0	0	0	0	0	1	0	0	3	1	0	1	1	0	0	0	0	0	0	0	0	2	0	1	1	1	1	0	1	1	1	0	1	2	1	1	1	1	1	1	0	0	1	0	1	1	1	2	2	0	2	1	2
Robiginitalea biformata HTCC2501	0	0	0	0	0	0	1	0	0	0	0	0	0	0	0	0	1	0	1	3	1	0	1	1	0	0	1	0	0	0	0	0	1	1	1	2	1	1	0	1	1	2	1	1	1	1	1	1	1	1	1	0	0	1	0	1	1	2	1	1	0	2	1	1
Leadbetterella byssophila DSM 17132	0	0	0	0	0	0	1	0	0	0	0	0	0	0	0	0	1	0	0	3	1	0	1	1	0	0	0	0	0	0	0	0	1	0	1	2	2	1	0	1	1	1	1	1	1	1	1	1	1	2	1	0	0	1	0	1	1	1	2	2	0	2	1	3
Paludibacter propionicigenes WB4	0	0	0	0	0	0	1	0	0	0	0	0	0	0	0	0	1	0	1	3	1	1	1	1	1	0	1	1	0	0	1	1	1	0	1	3	1	2	0	1	1	1	1	1	2	1	1	2	1	2	1	0	1	2	0	1	1	3	1	2	0	1	1	2
Dyadobacter fermentans DSM 18053	0	0	0	0	0	0	1	0	0	0	0	0	0	0	0	0	1	0	1	3	1	0	1	1	0	0	0	0	0	0	0	0	1	1	1	1	1	1	0	1	1	1	1	1	1	2	1	1	1	1	1	0	0	1	0	1	1	1	1	1	0	1	1	2
Gemmatimonas aurantiaca T-27	0	0	0	0	0	0	1	0	0	0	0	0	0	0	0	0	1	1	1	3	1	1	1	1	1	1	1	1	0	1	1	1	1	1	1	1	1	2	0	2	1	1	1	1	1	1	1	2	1	1	1	0	0	1	0	1	1	1	1	1	0	1	1	1
Ilyobacter polytropus DSM 2926	0	0	0	0	0	0	1	0	0	0	0	0	0	0	0	0	1	0	0	6	1	0	0	1	0	0	0	0	0	0	0	0	2	0	2	3	1	0	0	1	1	1	0	1	3	4	2	4	1	4	4	0	1	6	1	2	1	4	3	4	0	6	2	5
Methylobacterium radiotolerans JCM 2831	0	0	0	0	0	0	1	0	0	0	0	0	0	0	0	0	1	1	1	9	1	1	1	0	2	1	1	1	0	1	1	1	1	1	1	4	1	1	0	1	1	2	1	1	1	1	1	1	1	1	1	0	1	2	0	1	1	4	1	1	0	1	1	1
Gluconacetobacter diazotrophicus PA1 5	0	0	0	0	0	0	1	0	0	0	0	0	0	0	0	0	1	1	2	6	1	1	1	0	1	1	1	1	0	1	1	1	1	1	1	4	1	1	0	1	1	1	1	1	1	2	1	1	1	1	1	0	0	1	0	1	1	4	1	1	0	1	1	1
Zymomonas mobilis subsp. mobilis ZM4 = ATCC 31821	0	0	0	0	0	0	1	0	0	0	0	0	0	0	0	0	1	1	1	5	1	1	1	1	1	1	1	1	0	1	1	1	1	1	1	3	1	1	0	1	1	1	1	1	1	1	1	1	0	1	1	0	0	1	0	1	1	3	1	1	0	1	2	1
Novosphingobium aromaticivorans DSM 12444	0	0	0	0	0	0	2	0	0	0	0	0	0	0	0	0	1	1	1	5	1	1	1	1	1	1	1	1	0	1	1	2	1	1	1	3	1	1	0	1	1	1	1	1	1	2	1	1	1	2	1	0	0	1	0	1	1	3	1	1	0	1	1	1
Ruegeria pomeroyi DSS-3	0	0	0	0	0	0	1	0	0	0	0	0	0	0	0	0	1	1	1	4	1	1	1	1	1	0	1	1	0	0	0	0	1	1	1	3	1	3	0	1	1	1	1	1	1	2	1	2	1	1	1	0	0	1	0	1	1	3	2	1	0	2	1	1
Rhodobacter capsulatus SB 1003	0	0	0	0	0	0	1	0	0	0	0	0	0	0	0	0	1	1	1	6	1	1	1	1	1	1	1	1	0	0	0	0	1	1	1	4	1	2	0	1	1	1	1	1	1	2	1	1	1	1	1	0	0	1	0	1	1	4	1	1	0	1	1	1
Sphingomonas wittichii RW1	0	0	0	0	0	0	1	0	0	0	0	0	0	0	0	0	1	1	1	4	1	1	1	1	1	1	2	1	0	1	1	1	1	1	1	2	1	1	0	1	1	1	1	1	1	1	1	1	0	1	1	0	0	1	0	1	1	2	1	1	0	1	1	1
Parvibaculum lavamentivorans DS-1	0	0	0	0	0	0	1	0	0	0	0	0	0	0	0	0	1	1	1	3	1	1	1	1	1	1	1	1	0	1	1	1	1	1	1	1	1	1	0	1	1	1	1	1	1	1	1	1	1	1	1	0	0	1	0	1	1	1	1	1	0	1	1	1
Azorhizobium caulinodans ORS 571	0	0	0	0	0	0	1	0	0	0	0	0	0	0	0	0	1	1	1	3	1	1	1	1	1	1	2	1	0	1	1	2	1	1	1	3	1	1	0	1	1	2	1	1	1	1	1	1	1	1	1	0	1	1	0	1	1	3	1	2	0	1	1	1
Phenylobacterium zucineum HLK1	0	0	0	0	0	0	1	0	0	0	0	0	0	0	0	0	1	1	1	3	1	1	1	1	1	1	1	1	0	0	0	1	1	1	1	1	1	1	0	1	1	1	1	1	1	1	1	1	0	1	1	0	0	1	0	1	1	1	1	1	0	1	1	1
Parvularcula bermudensis HTCC2503	0	0	0	0	0	0	1	0	0	0	0	0	0	0	0	0	1	1	1	3	1	1	2	1	1	1	1	1	0	0	0	0	1	1	1	1	1	1	0	1	1	1	1	1	1	1	1	1	1	1	1	0	0	1	0	1	1	1	1	1	0	1	1	1
Asticcacaulis excentricus CB 48	0	0	0	0	0	0	1	0	0	0	0	0	0	0	0	0	1	1	1	4	1	1	1	1	1	1	1	1	0	0	0	1	1	1	1	3	1	1	0	1	1	1	1	1	1	2	1	1	0	1	1	0	0	1	0	1	1	3	1	1	0	2	1	1
Hirschia baltica ATCC 49814	0	0	0	0	0	0	1	0	0	0	0	0	0	0	0	0	1	0	0	4	1	0	1	1	0	0	0	0	0	0	0	0	1	1	1	2	1	1	0	1	1	1	1	1	1	1	1	1	1	1	1	0	0	1	0	1	1	2	1	1	0	1	1	1
Brevundimonas subvibrioides ATCC 15264	0	0	0	0	0	0	1	0	0	0	0	0	0	0	0	0	1	1	1	4	1	1	1	1	1	1	1	1	0	0	0	1	1	1	1	2	1	1	0	1	1	1	1	1	1	1	1	1	1	1	1	0	0	1	0	1	1	2	1	1	0	1	1	1
Starkeya novella DSM 506	0	0	0	0	0	0	1	0	0	0	0	0	0	0	0	0	1	1	1	3	1	1	1	1	1	1	1	1	0	1	1	1	1	1	1	1	1	1	0	1	1	1	1	1	1	1	1	1	1	1	1	0	1	1	0	1	1	1	1	1	0	1	1	1
Methylobacillus flagellatus KT	0	0	0	0	0	0	1	0	0	0	0	0	0	0	0	0	1	0	1	3	1	1	1	1	1	0	0	1	0	0	0	1	1	1	1	2	1	2	0	1	1	1	1	1	1	2	1	1	1	2	1	0	0	1	0	1	1	2	1	1	0	2	1	1
Ramlibacter tataouinensis TTB310	0	0	0	0	0	0	1	0	0	0	0	0	0	0	0	0	1	1	1	3	1	1	1	1	1	1	1	1	0	0	0	1	1	1	1	1	1	1	0	1	1	1	1	1	1	1	1	1	1	1	1	0	0	1	0	1	1	1	1	1	0	1	1	1
Paraburkholderia phytofirmans PsJN	0	0	0	0	0	0	2	0	0	0	0	0	0	0	0	0	1	1	2	4	1	1	1	1	1	1	1	1	0	0	0	1	1	2	1	6	1	2	1	1	1	1	1	1	1	3	1	2	1	1	1	0	1	1	0	1	1	6	1	1	0	2	1	1
Methylotenera mobilis JLW8	0	0	0	0	0	0	1	0	0	0	0	0	0	0	0	0	1	0	1	3	1	1	1	1	0	0	0	0	0	0	0	1	1	1	1	2	1	2	0	1	1	1	1	1	1	2	1	2	1	2	1	0	0	1	0	1	1	2	2	1	0	2	1	1
Geobacter metallireducens GS-15	0	0	0	0	0	0	1	0	0	0	0	0	0	0	0	0	1	1	1	3	1	1	1	1	1	1	1	1	0	0	0	0	1	1	1	2	1	1	0	1	1	1	1	1	1	2	1	1	1	1	1	0	1	1	1	1	1	2	1	1	0	2	2	1
Myxococcus xanthus DK 1622	0	0	0	0	0	0	1	0	0	0	0	0	0	0	0	0	1	1	2	6	1	1	1	1	1	1	1	1	0	1	1	1	1	1	2	5	1	3	1	1	1	2	1	1	2	2	1	1	1	1	1	0	1	1	1	1	1	3	1	1	0	1	1	1
Pelobacter carbinolicus DSM 2380	0	0	0	0	0	0	1	0	0	0	0	0	0	0	0	0	1	1	3	4	1	1	1	1	1	0	1	1	0	0	1	0	1	1	1	2	1	2	0	1	1	1	1	1	1	3	1	1	1	2	1	0	1	1	0	1	1	2	1	1	0	2	1	2
Pelobacter propionicus DSM 2379	0	0	0	0	0	0	1	0	0	0	0	0	0	0	0	0	1	1	1	3	1	1	1	1	1	1	1	2	0	0	1	1	1	1	1	4	1	1	0	1	1	1	1	1	1	2	1	1	1	1	1	0	0	1	1	1	1	4	1	1	0	1	1	1
Desulfovibrio magneticus RS-1	0	0	0	0	0	0	1	0	0	0	0	0	0	0	0	0	1	1	1	3	1	1	1	1	2	1	1	1	0	1	1	1	1	1	1	3	1	1	0	1	1	1	1	1	1	2	1	1	2	1	1	0	1	1	1	1	1	3	1	1	0	1	1	1
Geobacter bemidjiensis Bem	0	0	0	0	0	0	2	0	0	0	0	0	0	0	0	0	1	1	1	4	1	1	1	1	1	0	1	1	0	0	1	0	1	1	2	4	1	2	0	1	1	1	1	1	1	2	1	1	1	1	1	0	1	1	1	1	1	4	1	1	0	3	1	2
Sorangium cellulosum So ce56	0	0	0	0	0	0	2	0	0	0	0	0	0	0	0	0	1	1	1	3	1	1	1	1	1	2	2	1	0	1	1	2	1	1	2	2	1	3	0	1	1	1	2	1	1	3	2	2	1	1	2	0	0	1	1	1	1	1	2	1	0	2	1	1
Maridesulfovibrio salexigens DSM 2638	0	0	0	0	0	0	2	0	0	0	0	0	0	0	0	0	1	0	3	6	2	1	1	1	1	0	1	1	0	0	2	1	2	1	4	5	2	5	0	1	3	2	3	3	2	4	2	3	1	3	1	0	1	1	0	1	1	5	1	1	0	5	1	2
Desulfurivibrio alkaliphilus AHT 2	0	0	0	0	0	0	1	0	0	0	0	0	0	0	0	0	1	0	1	3	1	1	1	1	1	0	1	1	0	1	1	1	1	1	1	2	1	1	0	1	1	1	1	1	1	1	1	1	2	1	1	0	1	1	1	1	1	2	1	1	0	1	1	1
Pseudodesulfovibrio aespoeensis Aspo-2	0	0	0	0	0	0	1	0	0	0	0	0	0	0	0	0	1	1	2	4	1	1	1	1	1	1	1	1	0	1	1	1	1	1	1	2	1	3	0	1	1	2	1	2	1	1	1	1	1	1	1	0	1	1	0	1	1	2	1	1	0	1	1	1
Haliangium ochraceum DSM 14365	0	0	1	0	0	0	1	0	0	0	0	0	0	0	0	0	1	1	1	3	1	1	1	1	1	1	1	1	0	1	1	1	1	1	0	1	1	1	0	1	1	1	1	1	1	1	1	1	1	1	1	0	1	1	1	1	1	1	1	1	0	1	1	1
Sulfurospirillum deleyianum DSM 6946	0	0	0	0	0	0	0	0	0	0	0	0	0	0	0	0	1	0	0	3	1	1	0	1	0	0	0	0	0	1	0	0	1	1	1	3	1	2	1	1	1	1	1	1	1	1	1	1	1	1	1	0	1	1	1	1	1	3	1	1	0	1	1	2
Desulfomicrobium baculatum DSM 4028	0	0	0	0	0	0	2	0	0	0	0	0	0	0	0	0	1	1	1	3	1	1	1	1	1	1	1	1	0	1	2	2	2	1	1	1	2	4	0	1	1	2	1	1	2	2	2	2	1	2	1	0	1	2	1	1	1	1	1	1	0	3	1	1
Corallococcus coralloides DSM 2259	0	0	0	0	0	0	1	0	0	0	0	0	0	0	0	0	1	1	2	5	1	1	1	1	1	2	2	1	0	1	1	1	2	1	1	3	1	2	0	1	1	1	1	1	1	2	1	1	1	1	1	0	1	1	1	1	1	3	1	1	0	1	1	1
Sulfurospirillum barnesii SES-3	0	0	0	0	0	0	0	0	0	0	0	0	0	0	0	0	1	0	0	3	1	1	0	1	0	0	0	0	0	1	0	0	1	1	1	2	1	2	1	1	1	1	1	1	1	1	1	1	1	1	1	0	1	1	1	1	1	2	1	1	0	1	1	2
Yersinia pestis A1122	0	0	0	0	0	0	3	0	0	0	0	0	0	0	0	0	1	0	2	6	1	1	1	1	0	0	0	0	0	0	1	1	2	2	1	3	1	2	0	1	2	2	1	1	2	3	1	2	1	3	1	0	1	1	0	1	2	3	2	2	0	3	1	3
Nitrosococcus oceani ATCC 19707	0	0	0	0	0	0	1	0	0	0	0	0	0	0	0	0	1	1	1	3	1	1	1	1	1	1	1	1	0	1	1	1	1	1	1	1	1	1	0	1	1	1	1	1	1	1	1	1	0	1	1	0	0	1	0	1	1	1	1	1	0	1	1	1
Vibrio parahaemolyticus RIMD 2210633	0	0	0	0	0	0	8	0	0	0	0	0	0	0	0	0	1	0	0	11	2	0	1	1	0	0	0	0	0	0	0	0	4	2	2	2	4	11	0	1	1	1	0	2	7	6	2	5	3	4	10	0	0	2	0	1	4	4	3	5	0	6	6	4
Chromohalobacter salexigens DSM 3043	0	0	0	0	0	0	2	0	0	0	0	0	0	0	0	0	1	1	3	5	1	1	1	1	1	0	1	1	0	0	1	0	1	2	1	5	1	3	0	1	1	2	1	1	1	3	2	3	1	1	1	0	0	1	0	1	1	5	1	1	0	4	1	3
Azotobacter vinelandii DJ	0	0	0	0	0	0	2	0	0	0	0	0	0	0	0	0	1	1	2	4	1	1	1	1	1	0	1	1	0	0	0	0	2	1	1	6	1	3	0	1	1	2	1	1	1	2	1	2	1	1	1	0	0	1	0	1	1	6	1	1	0	3	2	2
Shewanella oneidensis MR-1	0	0	0	0	0	0	6	0	0	0	0	0	0	0	0	0	1	0	2	8	1	0	1	1	0	0	0	0	0	0	0	0	3	2	1	3	2	6	0	2	1	2	1	2	4	4	2	5	3	5	2	0	1	1	0	1	3	3	3	3	0	6	3	7
Citrobacter koseri ATCC BAA-895	0	0	0	0	0	0	4	0	0	0	0	0	0	0	0	0	1	0	4	7	1	1	1	1	1	0	1	1	0	0	2	0	2	2	1	2	1	3	0	1	2	2	1	2	3	3	1	4	1	4	1	0	1	1	0	1	1	2	1	2	0	5	2	5
Alkalilimnicola ehrlichii MLHE-1	0	0	0	0	0	0	1	0	0	0	0	0	0	0	0	0	1	1	1	3	1	1	1	1	1	1	1	1	0	1	1	1	1	1	1	2	1	1	0	1	1	2	1	1	1	1	1	1	1	1	1	0	0	1	0	1	1	2	1	1	0	1	1	1
Pseudomonas entomophila L48	0	0	0	0	0	0	4	0	0	0	0	0	0	0	0	0	1	0	2	6	1	1	1	1	1	0	1	1	0	0	0	0	1	2	1	7	1	4	0	1	1	3	1	1	1	4	2	2	1	2	1	0	1	1	0	1	1	7	1	1	0	5	2	2
Idiomarina loihiensis L2TR	0	0	0	0	0	0	2	0	0	0	0	0	0	0	0	0	1	0	1	4	2	0	1	1	0	0	0	0	0	0	0	0	1	1	1	4	1	3	0	1	1	1	1	1	2	2	1	2	1	2	1	0	0	1	0	1	1	4	2	1	0	3	2	2
Alcanivorax borkumensis SK2	0	0	0	0	0	0	1	0	0	0	0	0	0	0	0	0	1	0	1	3	1	1	1	1	0	0	1	1	0	0	0	0	1	1	1	1	1	2	0	1	1	1	1	1	1	2	1	1	1	1	1	0	0	1	0	1	1	1	1	1	0	2	1	1
Pantoea ananatis PA13	0	0	0	0	0	0	4	0	0	0	0	0	0	0	0	0	1	0	4	7	1	0	1	1	0	0	0	0	0	0	2	0	2	3	1	7	1	4	0	1	1	2	1	2	3	3	1	4	1	3	1	0	0	1	0	1	2	7	2	1	0	0	2	4
Halomonas elongata DSM 2581	0	0	0	0	0	0	2	0	0	0	0	0	0	0	0	0	1	1	3	5	1	1	1	1	0	0	1	1	0	0	0	0	1	2	1	4	1	4	0	1	1	2	1	1	1	3	2	3	1	1	1	0	0	1	0	1	1	4	1	1	0	4	2	2
Kangiella koreensis DSM 16069	0	0	0	0	0	0	1	0	0	0	0	0	0	0	0	0	1	0	0	3	1	0	1	1	0	0	0	0	0	0	0	0	1	1	1	2	1	1	0	1	1	1	1	1	1	2	1	1	1	2	1	0	0	1	0	1	1	2	1	1	0	2	1	2
Thiomicrospira aerophila AL3	0	0	0	0	0	0	1	0	0	0	0	0	0	0	0	0	1	0	0	3	1	0	1	1	0	0	0	0	0	0	0	0	1	1	1	2	1	2	0	1	1	1	1	1	1	2	1	1	1	2	1	0	0	1	0	1	1	2	1	1	0	2	1	1
Pseudoxanthomonas spadix BD-a59	0	0	0	0	0	0	1	0	0	0	0	0	0	0	0	0	1	1	1	5	1	1	1	1	1	1	1	1	0	1	1	1	1	1	1	1	1	2	0	1	1	1	1	1	1	2	1	1	1	1	1	0	0	1	0	1	1	1	1	1	0	1	1	1
Thioalkalivibrio paradoxus ARh 1	0	0	0	0	0	0	1	0	0	0	0	0	0	0	0	0	1	1	1	3	1	1	1	1	1	1	1	1	0	0	1	1	1	1	1	1	1	1	0	1	1	1	1	1	1	1	1	1	1	1	1	0	1	1	0	1	1	1	1	1	0	1	1	1
Acinetobacter baylyi ADP1	0	0	0	0	0	0	3	0	0	0	0	0	0	0	0	0	1	0	0	6	2	0	1	1	0	0	0	0	0	0	0	0	2	1	1	7	1	3	0	1	1	1	0	1	1	3	1	4	2	3	2	0	0	1	0	1	2	7	2	2	0	5	5	2
Alteromonas naphthalenivorans	0	0	0	0	0	0	2	0	0	0	0	0	0	0	0	0	2	0	0	4	2	0	1	1	0	0	0	0	0	0	0	0	1	1	1	3	1	3	0	1	1	1	1	1	1	4	1	2	1	4	2	0	0	1	0	1	3	3	2	2	0	4	3	3
Photorhabdus laumondii subsp. laumondii TTO1	0	0	0	0	0	0	3	0	0	0	0	0	0	0	0	0	1	0	3	7	1	1	1	1	0	0	0	0	0	0	1	1	2	2	1	3	1	4	0	1	1	2	1	2	2	3	1	4	1	3	1	0	1	1	0	1	2	3	2	2	0	4	2	12
Rubinisphaera brasiliensis DSM 5305	0	0	0	0	0	0	1	0	0	0	0	0	0	0	0	0	1	1	1	3	1	1	1	1	0	1	1	1	0	0	1	1	1	1	1	1	1	1	0	1	1	1	1	1	1	1	1	1	1	1	1	0	0	1	1	1	1	1	1	1	0	1	1	1
Planctopirus limnophila DSM 3776	0	0	0	0	0	0	1	0	0	0	0	0	0	0	0	0	2	1	1	3	1	1	1	1	1	1	1	1	0	0	2	1	2	1	1	1	1	2	0	1	1	1	1	1	1	2	2	2	2	2	2	1	0	1	1	2	1	1	1	1	0	2	2	4
Sphaerochaeta coccoides DSM 17374	0	0	0	0	0	0	0	0	0	0	0	0	0	0	0	0	1	1	1	3	1	1	1	1	1	1	1	1	0	1	1	1	1	1	1	1	1	1	1	1	1	1	1	1	1	1	1	1	1	1	1	0	0	1	1	1	1	2	1	1	0	1	1	1
Turneriella parva DSM 21527	0	0	0	0	0	0	1	0	0	0	0	0	0	0	0	0	1	0	1	3	1	0	0	1	0	0	0	0	0	0	0	0	1	1	1	2	1	1	0	1	1	1	1	1	1	1	1	1	1	1	1	0	0	1	1	1	1	2	1	1	0	1	1	1
Kineococcus radiotolerans SRS30216 = ATCC BAA-149	0	0	0	0	0	0	1	0	0	0	0	0	0	0	0	0	1	1	1	4	1	1	1	1	1	1	1	1	0	2	1	1	1	1	1	1	1	2	0	1	1	1	1	1	1	1	1	1	1	1	1	0	1	1	0	1	1	1	1	1	0	1	1	1
Mycolicibacterium vanbaalenii PYR-1	0	0	0	0	0	0	1	0	0	0	0	0	0	0	0	0	1	1	1	4	1	1	1	1	1	1	1	1	0	1	1	1	1	1	1	1	2	1	0	1	1	1	1	1	1	1	1	1	1	1	1	0	0	1	0	1	1	1	1	1	0	1	1	1
Segniliparus rotundus DSM 44985	0	0	0	0	0	0	1	0	0	0	0	0	0	0	0	0	1	1	1	3	1	1	1	1	1	1	1	1	0	1	1	1	1	1	1	1	1	1	0	2	1	1	1	1	1	1	1	1	1	1	1	0	0	1	0	1	1	1	1	1	0	1	1	1
Coriobacterium glomerans PW2	0	0	0	0	0	0	1	0	0	0	0	0	0	0	0	0	1	1	1	3	1	1	1	1	1	1	1	1	0	2	1	1	1	1	1	1	1	1	0	1	1	1	1	1	1	1	1	1	1	1	1	0	0	1	0	1	1	1	1	1	0	1	1	1
Sanguibacter keddieii DSM 10542	0	0	0	0	0	0	1	0	0	0	0	0	0	0	0	0	1	1	1	4	1	1	1	1	1	1	1	1	0	1	1	2	1	2	2	1	2	2	0	1	1	1	1	1	1	1	1	1	1	1	1	0	0	1	0	1	1	1	1	1	0	1	1	1
Brachybacterium faecium DSM 4810	0	0	0	0	0	0	1	0	0	0	0	0	0	0	0	0	1	1	1	4	1	1	1	1	1	1	1	1	0	2	1	1	1	2	1	1	1	2	0	1	1	1	1	1	1	1	1	1	1	1	1	0	1	1	0	1	1	1	1	1	0	1	1	1
Beutenbergia cavernae DSM 12333	0	0	0	0	0	0	1	0	0	0	0	0	0	0	0	0	1	1	1	3	1	1	1	1	1	1	1	1	0	1	1	1	1	1	1	1	1	1	0	1	1	1	1	1	1	1	1	1	1	1	1	0	0	1	0	1	1	1	1	1	0	1	1	1
Deinococcus proteolyticus MRP	0	0	0	0	0	0	2	0	0	0	0	0	0	0	0	0	1	1	1	2	1	0	1	1	1	1	1	1	0	0	1	1	1	1	1	1	1	3	0	1	1	1	1	1	1	2	1	1	1	1	1	0	0	1	0	1	1	1	1	1	0	1	1	1
Deinococcus peraridilitoris DSM 19664	0	0	0	0	0	0	1	0	0	0	0	0	0	0	0	0	1	1	1	3	1	1	1	1	1	1	1	1	0	0	1	1	1	1	1	1	1	3	0	1	1	1	1	1	1	2	1	1	1	1	1	0	0	1	0	1	1	1	1	1	0	1	1	1
Pediococcus pentosaceus ATCC 25745	0	0	1	0	0	0	2	0	0	0	0	0	0	0	0	0	1	0	1	4	1	1	1	1	1	1	1	1	0	1	1	1	2	0	0	3	1	2	0	1	1	0	0	1	1	3	1	2	1	3	1	0	0	1	0	1	1	2	1	2	0	2	1	1
Evansella cellulosilytica DSM 2522	0	0	0	0	0	0	3	0	0	0	0	0	0	0	0	0	1	0	0	5	2	0	0	0	0	0	0	0	0	0	0	0	2	1	1	3	1	3	0	2	1	1	0	1	2	4	2	7	2	3	2	0	1	4	1	1	2	4	2	3	0	5	4	3
Halanaerobium hydrogeniformans	0	0	0	0	0	0	1	0	0	0	0	0	0	0	0	0	1	0	1	4	2	0	1	1	1	0	0	0	0	0	0	0	2	1	1	3	1	2	0	1	1	1	1	1	2	2	2	2	2	2	1	0	0	2	0	1	1	3	2	2	0	3	1	2
Desulfitobacterium metallireducens DSM 15288	0	0	0	0	0	0	3	0	0	0	0	0	0	0	0	0	1	1	1	6	1	1	1	1	1	1	1	1	0	0	0	1	2	1	2	1	2	3	0	2	1	2	1	2	2	3	1	3	2	3	1	0	0	3	0	1	1	1	1	1	0	4	2	3
Desulfosporosinus acidiphilus SJ4	0	0	0	0	0	0	1	0	0	0	0	0	0	0	0	0	1	1	2	3	1	1	1	1	1	1	1	1	0	0	0	1	2	1	1	2	2	2	0	2	1	1	1	2	2	3	1	3	2	2	1	0	0	2	1	1	2	2	1	2	0	2	2	3
Weissella koreensis KACC 15510	0	0	1	0	0	0	2	0	0	0	0	1	0	0	0	0	2	0	1	6	1	0	1	1	1	0	0	1	0	1	1	2	2	0	0	2	1	0	0	1	0	0	0	0	1	2	1	2	1	3	1	0	0	3	0	1	2	3	2	1	0	2	1	1
Acetobacterium woodii DSM 1030	0	0	0	0	0	0	1	0	0	0	0	0	0	0	0	0	1	1	1	4	1	1	0	1	0	0	1	1	0	0	1	1	2	1	1	2	1	2	0	1	1	1	1	1	3	3	1	2	1	2	1	0	1	1	1	1	1	2	1	2	0	3	1	3
Desulfosporosinus orientis DSM 765	0	0	0	0	0	0	2	0	0	0	0	0	0	0	0	0	1	1	1	4	2	2	1	1	1	1	1	1	0	1	1	2	2	1	1	1	2	2	0	1	1	5	1	1	2	3	2	2	2	2	1	0	1	3	1	1	1	1	1	1	0	3	2	3
Paenibacillus terrae HPL-003	0	0	0	0	0	0	3	0	0	0	0	0	0	0	0	0	2	0	3	5	1	0	1	0	1	0	0	1	0	0	0	1	3	1	2	3	2	4	0	2	2	1	0	1	3	4	2	5	1	5	1	0	0	3	0	2	1	4	3	3	0	5	3	5
Mesoplasma florum L1	0	0	0	0	0	0	1	0	0	0	0	1	0	0	0	0	1	0	0	3	1	0	0	0	0	0	0	0	0	0	0	0	1	0	0	1	1	0	0	1	0	0	0	0	1	1	1	1	1	1	1	0	1	1	0	1	1	1	1	1	0	1	1	2
Niabella soli DSM 19437	0	0	0	0	0	0	1	0	0	0	0	0	0	0	0	0	1	0	1	3	1	1	1	1	0	0	1	0	0	0	0	1	1	0	1	2	0	1	0	1	1	1	1	1	1	1	1	1	1	1	1	0	0	1	0	1	1	2	1	1	0	1	1	1
Cellulosilyticum lentocellum DSM 5427	0	0	2	0	0	0	2	0	0	0	0	0	0	0	0	0	2	0	2	7	2	0	0	1	0	0	0	2	0	1	1	1	3	0	0	3	2	4	0	1	1	1	1	1	3	4	2	5	3	6	2	1	0	5	1	3	3	6	4	4	0	5	3	5
Francisella hispaniensis	0	0	0	0	0	0	1	0	0	0	0	0	0	0	0	0	1	0	0	3	1	0	1	0	0	0	0	0	0	0	0	0	1	1	1	3	1	2	0	1	1	0	0	1	1	1	1	1	1	2	1	0	0	1	0	1	1	3	1	1	0	1	1	1
Alkalihalobacillus halodurans C-125	0	0	0	0	0	0	4	0	0	0	0	0	0	0	0	0	1	0	0	6	1	0	1	0	0	0	0	0	0	0	0	0	2	1	1	3	1	4	0	1	1	1	0	1	3	3	2	4	2	4	2	0	0	3	0	1	3	5	2	4	0	4	4	3
Denitrovibrio acetiphilus DSM 12809	0	0	1	0	0	0	1	0	0	0	0	0	0	0	0	0	1	0	1	3	1	1	1	1	0	0	1	0	0	0	0	0	1	1	0	2	1	2	0	1	1	1	1	1	1	1	1	1	1	1	1	0	1	1	0	1	1	2	1	1	0	1	1	1
Geobacter sulfurreducens PCA	0	0	0	0	0	0	1	0	0	0	0	0	0	0	0	0	1	1	1	3	1	1	1	1	1	1	1	1	0	0	0	0	1	1	1	2	1	1	0	1	1	1	1	1	1	2	1	1	1	1	1	0	1	1	0	1	1	2	1	1	0	2	2	1
Desulfobulbus propionicus DSM 2032	0	0	0	0	0	0	1	0	0	0	0	0	0	0	0	0	1	1	1	3	1	1	1	1	1	0	1	1	0	1	1	1	1	1	1	2	1	1	0	1	1	1	1	1	1	1	1	1	1	1	1	0	2	1	1	1	1	2	1	1	0	1	1	1
Desulfohalobium retbaense DSM 5692	0	0	0	0	0	0	1	0	0	0	0	0	0	0	0	0	1	1	1	4	1	1	1	1	1	1	1	1	0	1	1	1	1	1	1	2	1	2	0	1	1	1	1	1	1	1	1	1	1	1	1	0	1	1	0	1	1	2	1	1	0	1	1	1
Halanaerobium praevalens DSM 2228	0	0	0	0	0	0	1	0	0	0	0	0	0	0	0	0	1	0	0	4	2	0	1	1	1	0	0	1	0	0	0	0	2	1	1	2	1	2	0	1	1	1	1	1	2	2	1	2	2	2	1	0	2	2	0	1	1	2	1	2	0	3	1	2
Desulfoscipio gibsoniae DSM 7213	0	0	0	0	0	0	1	0	0	0	0	0	0	0	0	0	1	1	2	4	1	1	1	1	1	1	1	1	0	0	0	1	1	1	1	2	1	2	0	1	1	4	1	1	2	2	1	2	1	2	1	0	0	1	0	1	1	1	1	1	0	3	2	2
Syntrophus aciditrophicus SB	0	0	0	0	0	0	1	0	0	0	0	0	0	0	0	0	1	1	1	3	1	1	1	1	1	1	1	1	0	1	1	1	1	1	1	1	2	1	0	1	1	1	1	1	1	1	1	2	1	1	1	0	1	1	1	1	1	1	1	1	0	1	1	1
Sediminispirochaeta smaragdinae DSM 11293	0	0	0	0	0	0	0	0	0	0	0	0	0	0	0	0	1	1	1	4	1	1	1	1	1	1	1	1	0	1	1	1	1	1	1	1	1	1	1	1	1	1	1	1	1	2	1	1	1	1	1	0	0	1	1	1	1	1	1	1	0	1	1	1
Syntrophomonas wolfei subsp. wolfei str. Goettingen G311	0	0	0	0	0	0	1	0	0	0	0	0	0	0	0	0	1	1	1	3	1	1	1	1	1	1	1	1	0	1	1	1	1	1	1	1	1	1	0	1	1	1	1	1	1	1	1	1	1	1	1	0	0	1	0	1	1	1	1	1	0	1	1	1
Ruminiclostridium cellulolyticum H10	0	0	0	0	0	0	1	0	0	0	0	0	0	0	0	0	1	0	1	4	1	1	1	1	1	0	1	1	0	1	1	3	2	1	1	2	1	2	0	2	1	1	1	1	2	2	1	3	1	3	1	0	0	2	0	1	1	4	1	2	0	2	1	2
Acetoanaerobium sticklandii	0	0	0	0	0	0	1	0	0	0	0	0	0	0	0	0	1	0	0	5	1	0	0	1	0	0	0	0	0	0	0	0	2	0	1	2	1	2	0	1	1	0	0	1	2	3	1	2	1	4	2	0	1	2	1	2	2	3	3	2	0	3	2	3
Prevotella ruminicola 23	0	0	0	0	0	0	2	0	0	0	0	0	0	0	0	0	1	0	1	3	1	1	1	0	1	0	1	1	0	2	1	2	1	0	1	4	1	2	0	1	1	2	1	1	2	2	1	1	1	2	1	0	0	1	0	1	1	2	1	2	0	1	1	1
Prevotella melaninogenica ATCC 25845	0	0	0	0	0	0	1	0	0	0	0	0	0	0	0	0	1	0	1	3	1	1	1	1	0	0	1	1	0	2	1	2	1	0	1	2	1	2	0	1	1	0	1	1	2	2	1	1	1	3	1	0	0	1	0	1	1	2	1	2	0	1	1	1
Phocaeicola salanitronis DSM 18170	0	0	0	0	0	0	3	0	0	0	0	0	0	0	0	0	2	0	2	5	2	1	1	1	1	0	1	1	0	1	2	2	2	0	1	6	1	5	0	2	1	0	1	1	3	2	2	3	1	3	1	0	0	3	0	1	2	6	1	2	0	3	1	2
Bacteroides helcogenes P 36-108	0	0	0	0	0	0	3	0	0	0	0	0	0	0	0	0	1	0	2	3	2	1	1	1	1	0	1	1	0	1	1	2	2	1	1	5	1	4	0	1	2	1	1	1	2	2	1	2	1	2	1	0	0	1	0	1	2	5	1	2	0	1	1	2
Capnocytophaga ochracea DSM 7271	0	0	0	0	0	0	1	0	0	0	0	0	0	0	0	0	1	0	0	3	1	1	1	1	0	0	0	0	0	0	0	1	1	0	1	4	1	1	0	1	1	1	1	1	1	1	1	1	1	3	1	0	0	2	0	1	1	4	1	1	0	2	1	2
Porphyromonas asaccharolytica DSM 20707	0	0	0	0	0	0	1	0	0	0	0	0	0	0	0	0	1	0	1	3	1	1	1	1	1	0	1	1	0	1	1	1	1	1	1	2	1	1	0	1	1	1	1	1	2	1	1	2	1	1	1	0	0	1	0	1	1	2	1	1	0	1	1	1
Barnesiella viscericola DSM 18177	0	0	0	0	0	0	2	0	0	0	0	0	0	0	0	0	1	0	1	3	1	1	1	1	1	0	1	1	0	1	1	1	2	0	1	5	1	3	0	1	1	1	1	1	2	2	1	2	1	3	1	0	0	2	0	1	1	5	1	1	0	2	1	2
Streptobacillus moniliformis DSM 12112	0	0	0	0	0	0	1	0	0	0	0	0	0	0	0	0	1	0	0	3	1	0	0	0	0	0	0	0	0	0	0	1	1	0	0	2	1	0	0	1	0	0	0	0	1	2	1	3	2	2	1	0	0	3	0	1	1	2	1	2	0	2	1	2
Sebaldella termitidis ATCC 33386	0	0	0	0	0	0	1	0	0	0	0	0	0	0	0	0	1	0	0	4	1	0	0	0	0	0	0	0	0	0	0	0	2	0	1	2	1	0	0	1	0	0	0	0	1	2	1	2	2	2	1	0	0	3	1	1	1	2	1	1	0	2	1	2
Leptotrichia buccalis C-1013-b	0	0	0	0	0	0	1	0	0	0	0	0	0	0	0	0	1	0	1	3	1	0	0	0	0	0	0	0	0	0	0	1	2	0	1	2	1	0	0	1	1	0	0	0	1	2	1	5	2	2	1	0	0	2	1	1	2	2	1	2	0	2	1	2
Bartonella tribocorum CIP 105476	0	0	0	0	0	0	1	0	0	0	0	0	0	0	0	0	1	0	1	4	1	0	1	0	1	0	0	1	0	0	1	1	1	1	1	2	1	1	0	1	1	1	1	1	1	1	1	1	1	1	1	0	0	1	0	1	1	2	1	1	0	1	1	1
Rhodospirillum centenum SW	0	0	0	0	0	0	1	0	0	0	0	0	0	0	0	0	1	1	1	5	1	1	1	1	1	1	1	1	0	1	1	2	1	1	1	3	1	1	0	1	1	1	1	1	1	2	1	1	0	1	1	0	0	1	0	1	1	3	1	1	0	1	1	1
Bartonella grahamii as4aup	0	0	0	0	0	0	1	0	0	0	0	0	0	0	0	0	1	0	1	4	1	0	1	0	1	0	0	1	0	0	1	1	1	1	1	2	1	1	0	1	1	1	1	1	1	1	1	1	1	1	1	0	0	1	0	1	1	2	1	1	0	1	1	1
Bartonella clarridgeiae 73	0	0	0	0	0	0	1	0	0	0	0	0	0	0	0	0	1	0	1	4	1	0	1	0	1	0	0	1	0	0	0	1	1	1	1	2	1	1	0	1	1	1	1	1	1	1	1	1	1	1	1	0	0	1	0	1	1	2	1	1	0	1	1	1
Bordetella avium 197N	0	0	0	0	0	0	3	0	0	0	0	0	0	0	0	0	2	1	3	4	1	1	1	1	1	1	1	1	0	0	0	1	1	1	1	3	1	2	0	1	1	3	1	1	1	3	1	2	0	1	1	0	1	1	0	2	1	3	1	1	0	3	1	1
Helicobacter hepaticus ATCC 51449	0	0	0	0	0	0	0	0	0	0	0	0	0	0	0	0	1	0	0	3	1	0	0	1	0	0	0	0	0	0	0	1	1	1	1	1	1	1	1	1	1	1	1	1	1	1	1	1	1	1	1	0	1	1	1	1	1	1	1	1	0	2	1	1
Campylobacter lari RM2100	0	0	0	0	0	0	0	0	0	0	0	0	0	0	0	0	1	0	0	3	1	0	0	1	0	0	0	0	0	1	0	0	1	1	1	3	1	2	1	1	1	1	0	1	1	2	1	1	1	2	1	0	1	1	1	1	1	3	1	1	0	2	1	3
Syntrophobacter fumaroxidans MPOB	0	0	0	0	0	0	1	0	0	0	0	0	0	0	0	0	1	1	1	3	1	1	1	1	1	1	1	1	0	1	1	1	1	1	1	2	1	1	0	1	1	2	1	1	1	1	1	1	2	1	1	0	1	1	1	1	1	2	1	1	0	1	1	1
Helicobacter acinonychis str. Sheeba	0	0	0	0	0	0	0	0	0	0	0	0	0	0	0	0	1	0	0	3	1	0	0	1	0	0	0	0	0	0	0	0	1	1	1	1	1	1	1	1	1	1	1	1	1	1	1	1	1	1	1	0	0	1	1	1	1	1	1	1	0	2	1	1
Campylobacter hominis ATCC BAA-381	0	0	0	0	0	0	0	0	0	0	0	0	0	0	0	0	1	0	0	3	1	0	0	1	0	0	0	0	0	2	0	1	1	1	1	3	1	2	1	1	0	1	0	1	1	1	1	2	1	1	1	0	1	1	1	1	1	3	2	1	0	1	1	1
Aliarcobacter butzleri ED-1	0	0	0	0	0	0	0	0	0	0	0	0	0	0	0	0	1	0	0	4	1	0	0	0	0	0	0	0	0	0	0	0	2	0	1	5	1	0	0	1	0	0	0	0	2	2	1	2	2	2	1	0	1	4	1	2	1	5	1	3	0	3	3	2
Desulfarculus baarsii DSM 2075	0	0	0	0	0	0	1	0	0	0	0	0	0	0	0	0	1	1	1	3	1	1	1	1	1	1	1	1	0	1	1	1	1	1	1	1	1	1	0	1	1	1	1	1	1	1	1	1	1	1	1	0	1	1	0	1	1	1	1	1	0	1	1	1
Desulfomonile tiedjei DSM 6799	0	0	0	0	0	0	1	0	0	0	0	0	0	0	0	0	1	1	1	3	1	1	1	1	1	1	1	1	0	1	1	1	1	1	1	1	1	1	0	1	1	1	1	1	1	1	1	1	1	1	1	0	1	1	1	1	1	1	1	1	0	1	1	1
Nitratifractor salsuginis DSM 16511	0	0	0	0	0	0	0	0	0	0	0	0	0	0	0	0	1	0	1	3	1	0	1	1	1	0	1	1	0	0	0	0	1	1	1	2	1	2	1	1	1	1	1	1	1	1	1	1	1	1	1	0	1	1	1	1	1	2	1	1	0	2	1	1
Desulfobacca acetoxidans DSM 11109	0	0	0	0	0	0	1	0	0	0	0	0	0	0	0	0	1	1	1	3	1	1	1	1	1	1	1	1	0	1	1	1	1	1	1	1	1	1	0	1	1	1	1	1	1	1	1	1	1	1	1	0	1	1	0	1	1	1	1	1	0	1	1	1
Helicobacter felis ATCC 49179	0	0	0	0	0	0	0	0	0	0	0	0	0	0	0	0	1	0	0	3	1	0	0	1	0	0	0	0	0	0	0	0	1	1	1	1	1	1	1	1	1	1	1	1	1	1	1	1	1	1	1	0	1	1	1	1	1	1	1	1	0	2	1	1
Methylococcus capsulatus str. Bath	0	0	0	0	0	0	1	0	0	0	0	0	0	0	0	0	1	1	1	3	1	1	1	1	1	0	1	1	0	1	1	1	1	1	1	2	1	1	0	1	1	1	1	1	1	1	1	1	1	1	1	0	0	1	0	1	1	2	1	1	0	1	1	1
Proteus mirabilis HI4320	0	0	0	0	0	0	4	0	0	0	0	0	0	0	0	0	1	0	1	7	1	1	1	1	0	0	0	0	0	0	0	1	2	2	1	3	1	4	0	1	1	2	1	2	2	3	1	4	3	4	2	0	1	1	0	1	3	3	2	3	0	4	3	5
Citrobacter rodentium ICC168	0	0	0	0	0	0	5	0	0	0	0	0	0	0	0	0	1	0	4	7	1	1	1	1	1	0	1	1	0	0	2	0	2	2	1	3	1	3	0	1	2	5	1	2	3	3	1	4	1	2	1	0	1	1	0	1	1	3	1	1	0	4	2	4
Legionella longbeachae NSW150	0	0	0	0	0	0	1	0	0	0	0	0	0	0	0	0	1	0	1	3	1	1	0	1	0	0	1	1	0	0	0	1	1	1	1	1	1	1	0	1	1	1	1	1	1	2	1	1	1	2	1	0	0	1	1	1	1	3	1	1	0	2	1	2
Chlamydia caviae GPIC	0	0	0	0	0	0	1	0	0	0	0	0	0	0	0	0	1	0	1	3	1	0	0	1	1	0	0	1	0	0	0	0	1	1	1	1	1	1	0	1	1	1	1	1	1	1	1	1	1	1	1	0	0	1	1	1	1	1	1	1	0	1	1	1
Chlamydia muridarum str. Nigg	0	0	0	0	0	0	1	0	0	0	0	0	0	0	0	0	1	0	1	3	1	0	0	0	1	0	0	1	0	0	0	0	1	1	1	1	1	1	0	1	1	1	1	1	1	1	1	1	1	1	1	0	0	1	1	1	1	1	1	1	0	1	1	1
Chlamydia felis Fe/C-56	0	0	0	0	0	0	1	0	0	0	0	0	0	0	0	0	1	0	1	3	1	0	0	1	1	0	0	1	0	0	0	0	1	1	1	1	1	1	0	1	1	1	1	1	1	1	1	1	1	1	1	0	0	1	1	1	1	1	1	1	0	1	1	1
Treponema denticola ATCC 35405	0	0	0	0	0	0	0	0	0	0	0	0	0	0	0	0	1	0	1	3	1	0	0	1	1	1	1	1	0	1	1	1	1	1	1	1	1	1	1	1	1	1	1	1	1	1	1	1	1	1	1	0	0	1	1	1	1	1	1	1	0	1	1	1
Brachyspira pilosicoli 95/1000	0	0	0	0	0	0	0	0	0	0	0	0	0	0	0	0	1	0	0	3	1	0	0	1	0	0	0	1	0	0	0	0	1	0	1	1	1	1	1	1	1	0	0	1	1	1	1	1	1	1	1	0	0	1	1	1	1	1	1	1	0	1	1	1
Treponema succinifaciens DSM 2489	0	0	0	0	0	0	0	0	0	0	0	0	0	0	0	0	1	0	1	3	1	1	1	1	0	1	1	1	0	1	1	1	1	1	1	2	1	2	1	1	1	1	1	1	1	2	1	1	1	2	1	0	0	1	1	1	1	2	1	1	0	1	1	1
Treponema brennaborense DSM 12168	0	0	0	0	0	0	0	0	0	0	0	0	0	0	0	0	1	1	1	3	1	0	1	1	1	1	1	1	0	1	1	1	1	1	1	2	1	1	1	1	1	1	1	1	1	1	1	1	1	1	1	0	0	1	1	1	1	2	1	1	0	1	1	1
Brachyspira murdochii DSM 12563	0	0	0	0	0	0	0	0	0	0	0	0	0	0	0	0	1	0	0	3	1	0	0	1	0	0	0	1	0	0	0	0	1	0	1	1	1	1	1	1	1	1	0	1	1	1	1	1	1	1	1	0	0	1	1	1	1	1	1	1	0	1	1	1
Brachyspira intermedia PWS/A	0	0	0	0	0	0	0	0	0	0	0	0	0	0	0	0	1	0	0	3	1	0	0	1	0	0	0	0	0	0	0	0	1	0	1	1	1	1	1	1	1	1	0	1	1	1	1	1	1	1	1	0	1	1	1	1	1	1	1	1	0	1	1	1
Spirochaeta africana DSM 8902	0	0	0	0	0	0	0	0	0	0	0	0	0	0	0	0	1	0	1	3	1	1	1	1	1	1	1	1	0	0	1	1	1	1	1	2	1	1	1	1	1	1	1	1	1	1	1	1	1	1	1	0	0	1	1	1	1	1	1	1	0	1	1	1
Aminobacterium colombiense DSM 12261	0	0	1	0	0	0	1	0	0	0	0	0	0	0	0	0	1	1	1	3	1	1	1	1	1	1	1	1	0	1	1	1	1	1	0	1	1	1	0	1	1	1	1	1	1	1	1	1	1	1	1	0	1	1	1	1	1	1	1	1	0	1	1	1
Bifidobacterium animalis subsp. lactis BLC1	0	0	0	0	0	0	2	0	0	0	0	0	0	0	0	0	1	1	1	3	1	1	1	1	1	1	1	1	0	1	1	1	1	2	1	1	1	3	0	1	1	2	1	1	1	2	1	2	1	1	1	0	0	1	0	1	1	1	1	1	0	1	1	1
Corynebacterium efficiens YS-314	0	0	0	0	0	0	2	0	0	0	0	0	0	0	0	0	1	1	1	4	1	1	1	1	1	0	1	1	0	3	2	2	1	2	2	1	1	3	0	1	1	2	1	1	1	2	1	1	1	1	1	0	0	1	0	1	1	1	1	1	0	1	1	1
Nocardia farcinica IFM 10152	0	0	0	0	0	0	1	0	0	0	0	0	0	0	0	0	1	1	1	4	2	1	1	1	1	1	1	1	0	1	1	1	1	1	2	1	2	2	0	1	1	1	1	1	1	1	1	1	1	1	1	0	0	1	0	1	1	1	2	1	0	1	1	1
Mycolicibacterium gilvum Spyr1	0	0	0	0	0	0	1	0	0	0	0	0	0	0	0	0	1	1	1	4	1	1	1	1	1	1	1	1	0	1	1	1	1	1	1	1	2	1	0	1	1	1	1	1	1	1	1	1	1	1	1	0	0	1	0	1	1	1	1	1	0	1	1	1
Olsenella uli DSM 7084	0	0	0	0	0	0	2	0	0	0	0	0	0	0	0	0	1	1	1	3	1	1	1	1	1	1	1	1	0	2	1	2	1	1	1	1	1	1	0	1	1	1	1	1	1	2	1	1	1	1	1	0	0	1	0	1	1	1	1	1	0	1	1	1
Rothia dentocariosa ATCC 17931	0	0	0	0	0	0	1	0	0	0	0	0	0	0	0	0	1	1	1	3	1	1	1	1	1	0	1	1	0	2	1	2	1	1	1	1	1	2	0	1	1	1	1	2	1	1	1	1	1	1	1	0	0	1	0	1	1	2	1	1	0	1	1	1
Mobiluncus curtisii ATCC 43063	0	0	0	0	0	0	2	0	0	0	0	0	0	0	0	0	1	1	1	3	1	1	1	1	1	1	1	1	0	1	1	1	1	1	1	1	1	1	0	1	1	1	1	1	1	1	1	1	1	1	1	0	0	1	0	1	1	1	1	1	0	1	1	1
Corynebacterium aurimucosum ATCC 700975	0	1	0	0	0	0	1	0	0	0	0	0	0	0	0	0	1	1	1	3	1	1	1	1	1	1	1	1	0	2	1	1	1	2	1	1	1	3	0	1	1	2	1	1	1	2	1	1	1	1	2	0	1	1	0	1	1	1	1	1	0	1	2	1
Corynebacterium kroppenstedtii DSM 44385	0	0	0	0	0	0	1	0	0	0	0	0	0	0	0	0	1	1	1	3	1	1	1	1	1	1	1	1	0	1	1	1	1	1	1	1	1	2	0	1	1	1	1	1	1	1	1	1	1	1	1	0	0	1	0	1	1	1	1	1	0	1	1	1
Corynebacterium resistens DSM 45100	0	0	0	0	0	0	2	0	0	0	0	0	0	0	0	0	1	1	1	3	1	1	1	1	1	0	1	1	0	2	1	1	1	2	1	1	1	3	0	1	1	1	1	1	1	2	1	1	1	1	1	0	0	1	0	1	1	1	1	1	0	1	1	1
Corynebacterium pseudotuberculosis C231	0	0	0	0	0	0	2	0	0	0	0	0	0	0	0	0	1	1	1	3	1	1	1	1	1	0	1	1	0	2	1	1	1	1	1	1	1	2	0	1	1	0	1	1	1	2	1	1	1	1	1	0	0	1	0	1	1	2	1	1	0	1	1	1
Cryptobacterium curtum DSM 15641	0	0	0	0	0	0	1	0	0	0	0	0	0	0	0	0	1	1	1	3	1	1	1	1	1	1	1	1	0	2	1	2	1	1	1	1	1	1	0	1	1	1	1	1	1	1	1	1	1	1	1	0	1	1	0	1	1	1	1	1	0	1	1	1
Saccharomonospora viridis DSM 43017	0	0	0	0	0	0	1	0	0	0	0	0	0	0	0	0	1	1	1	3	1	1	1	1	1	1	1	1	0	1	1	1	1	1	1	1	1	2	0	1	1	1	1	1	1	1	1	1	1	1	1	0	1	1	0	1	1	1	1	1	0	1	1	1
Ruminococcus albus 7 = DSM 20455	0	0	0	0	0	0	1	0	0	0	0	0	0	0	0	0	2	0	1	4	3	1	1	1	2	0	1	1	0	2	2	2	2	0	1	4	2	2	0	3	1	0	2	1	3	3	1	2	3	2	2	0	0	1	0	1	2	4	1	1	0	2	2	2
[Eubacterium] eligens ATCC 27750	0	0	1	0	0	0	1	0	0	0	0	0	0	0	0	0	1	0	1	3	1	0	1	0	0	0	1	1	0	1	1	1	1	0	0	2	1	2	0	1	0	0	0	1	1	2	1	2	2	2	1	0	0	2	0	1	1	3	1	2	0	2	1	1
Desulfotomaculum reducens MI-1	0	0	0	0	0	0	2	0	0	0	0	0	0	0	0	0	1	0	2	5	1	1	1	1	1	0	1	1	0	0	1	2	2	1	1	2	2	4	0	1	1	1	2	2	2	3	1	3	1	3	1	0	0	1	0	2	1	2	1	1	0	4	2	3
Listeria seeligeri serovar 1/2b str. SLCC3954	0	0	0	0	0	0	2	0	0	0	0	0	0	0	0	0	1	0	0	4	1	0	1	1	1	0	0	1	0	0	0	1	2	1	1	3	1	3	0	2	1	0	0	1	2	3	2	4	2	3	2	0	0	2	0	1	1	4	2	2	0	4	2	3
Clostridium ljungdahlii DSM 13528	0	0	0	0	0	0	1	0	0	0	0	0	0	0	0	0	1	0	1	6	1	1	0	1	1	0	1	1	0	1	1	2	3	0	1	2	2	2	0	1	1	0	0	1	2	2	1	3	2	4	2	0	1	3	1	2	1	3	2	3	0	2	2	3
Alkaliphilus oremlandii OhILAs	0	0	0	0	0	0	1	0	0	0	0	0	0	0	0	0	1	0	0	7	1	0	0	1	0	0	0	0	0	0	0	0	4	1	1	3	2	3	0	2	1	0	0	1	3	4	2	4	3	5	3	0	1	4	1	3	2	4	3	4	0	4	3	4
Clostridium cellulovorans 743B	0	0	0	0	0	0	1	0	0	0	0	0	0	0	0	0	1	0	0	6	1	0	0	1	0	0	0	0	0	1	1	3	3	0	1	2	2	5	0	1	1	0	0	1	1	2	2	4	3	4	3	0	0	5	1	3	2	4	3	2	0	3	3	4
Acetohalobium arabaticum DSM 5501	0	0	0	0	0	0	1	0	0	0	0	0	0	0	0	0	1	0	0	6	1	0	0	0	0	0	0	0	0	0	0	0	2	1	1	2	1	2	0	2	1	1	1	1	2	3	2	2	2	3	1	0	1	3	1	2	1	2	3	3	0	4	4	4
Acidaminococcus fermentans DSM 20731	0	0	0	0	0	0	1	0	0	0	0	0	0	0	0	0	1	1	2	3	1	1	1	1	1	1	1	1	0	1	2	1	2	1	1	2	2	4	0	1	1	1	1	1	1	3	1	2	1	2	1	0	0	1	0	1	1	2	1	1	0	2	1	2
Filifactor alocis ATCC 35896	0	0	0	0	0	0	1	0	0	0	0	0	0	0	0	0	1	0	0	3	1	0	0	1	2	0	0	1	0	0	0	1	2	0	1	2	1	1	0	1	1	0	0	1	2	2	1	1	1	3	1	0	0	2	1	1	1	2	1	2	0	2	1	2
Lactobacillus amylovorus GRL1118	0	0	1	0	0	0	2	0	0	0	0	1	0	0	0	0	1	0	1	4	1	1	0	1	1	0	1	1	0	1	1	2	2	0	0	2	1	4	0	1	1	0	0	1	2	3	2	3	1	3	1	0	0	1	0	1	2	1	2	1	0	2	3	1
[Clostridium] saccharolyticum WM1	0	0	2	0	0	0	2	0	0	0	0	0	0	0	0	0	1	1	2	3	1	1	1	1	1	1	1	1	0	2	2	1	2	1	0	2	1	3	0	1	1	1	1	1	2	2	1	3	2	3	1	0	0	2	0	1	1	4	1	2	0	2	1	2
Desulfotomaculum ruminis DSM 2154	0	0	0	0	0	0	2	0	0	0	0	0	0	0	0	0	1	0	2	4	1	1	1	1	1	0	1	1	0	0	1	1	2	1	1	2	2	4	0	1	1	1	1	2	2	3	1	2	1	4	1	0	0	1	0	1	1	2	1	1	0	3	2	2
Streptococcus pseudopneumoniae IS7493	0	0	1	0	0	0	1	0	0	0	0	0	0	0	0	0	1	0	0	4	2	0	1	1	0	0	0	0	0	0	0	1	2	0	0	2	1	1	0	1	1	0	0	1	2	1	1	1	1	0	1	0	0	2	0	1	2	1	1	1	0	2	2	1
Desulfofarcimen acetoxidans DSM 771	0	0	0	0	0	0	2	0	0	0	0	0	0	0	0	0	1	0	1	5	1	1	1	1	1	0	1	1	0	0	2	2	2	1	1	2	2	3	0	1	1	1	1	1	2	3	1	2	1	3	1	3	0	1	0	1	1	2	1	1	0	3	3	2
Desulfitobacterium dehalogenans ATCC 51507	0	0	0	0	0	0	3	0	0	0	0	0	0	0	0	0	1	0	1	6	1	1	1	1	1	0	1	1	0	0	0	1	2	1	2	4	1	3	0	2	1	0	1	2	3	3	1	3	1	3	1	0	2	3	0	1	1	4	1	1	0	4	2	3
Tepidanaerobacter acetatoxydans Re1	0	0	0	0	0	0	1	0	0	0	0	0	0	0	0	0	1	1	1	4	1	1	1	1	1	1	1	1	0	2	1	1	1	1	1	1	1	1	0	1	1	1	1	1	2	1	1	2	1	1	1	0	0	2	0	1	1	1	1	1	0	2	1	2
Mageeibacillus indolicus UPII9-5	0	0	0	0	0	0	1	0	0	0	0	0	0	0	0	0	1	1	1	3	1	1	1	1	1	1	1	1	0	1	1	1	1	1	1	1	1	1	0	1	1	1	1	1	1	1	1	1	1	1	1	0	0	1	0	1	1	1	1	1	0	1	1	1
Eubacterium callanderi	0	0	0	0	0	0	1	0	0	0	0	0	0	0	0	0	1	0	1	3	1	0	1	1	0	2	1	1	0	0	1	1	2	1	1	2	1	2	0	2	1	1	1	1	3	3	1	2	1	2	1	0	0	1	0	1	1	2	1	2	0	3	1	3
Mycoplasma genitalium G37	0	0	0	0	0	0	0	0	0	0	0	0	0	0	0	0	1	0	0	3	1	0	0	1	1	0	0	1	0	0	0	1	1	0	1	1	1	1	1	1	1	0	0	1	1	1	1	1	1	1	1	0	1	1	1	1	1	1	1	1	0	1	1	1
Ureaplasma urealyticum serovar 10 str. ATCC 33699	0	0	0	0	0	0	1	0	0	0	0	0	0	0	0	0	1	0	0	3	1	0	0	0	0	0	0	0	0	0	0	1	1	0	0	1	1	1	0	1	0	0	0	0	1	1	1	1	1	1	1	0	1	1	1	1	1	1	1	1	0	1	1	1
Mycoplasma crocodyli MP145	0	0	1	0	0	0	2	0	0	0	0	0	0	0	0	0	1	0	0	3	1	0	0	1	1	0	0	1	0	0	0	1	1	0	0	1	1	0	0	1	0	0	0	1	1	1	1	1	1	1	1	0	1	1	0	1	1	1	1	1	0	1	1	1
Mesotoga prima MesG1.Ag.4.2	0	0	0	0	0	0	0	0	0	0	0	0	0	0	0	0	1	1	1	3	1	1	1	1	1	1	1	1	0	1	1	1	1	1	1	1	1	1	1	1	1	1	1	1	1	1	1	1	1	1	1	0	0	1	1	1	1	1	1	1	0	1	1	1
Deinococcus maricopensis DSM 21211	0	0	0	0	0	0	1	0	0	0	0	0	0	0	0	0	1	1	1	4	1	1	1	1	1	1	1	1	0	0	1	1	1	1	1	2	1	3	0	1	1	1	1	1	2	2	1	1	1	1	1	0	0	1	0	1	1	1	1	1	0	3	1	1
Nautilia profundicola AmH	0	0	0	0	0	0	0	0	0	0	0	0	0	0	0	0	1	0	0	3	1	0	0	1	0	0	0	0	0	0	0	0	2	1	1	4	1	1	1	1	1	1	0	1	1	2	1	2	1	2	1	0	1	2	1	1	1	4	1	2	0	2	1	2
Acidimicrobium ferrooxidans DSM 10331	0	0	0	0	0	0	1	0	0	0	0	0	0	0	0	0	1	1	1	3	1	1	1	1	1	1	1	1	0	1	1	1	1	1	1	1	1	1	0	1	1	1	1	1	1	1	1	1	1	1	1	0	0	1	0	1	1	1	1	1	0	1	1	1
Deinococcus geothermalis DSM 11300	0	0	0	0	0	0	1	0	0	0	0	0	0	0	0	0	1	1	1	3	1	1	1	1	1	1	1	1	0	1	1	1	1	1	1	1	1	3	0	1	1	1	1	1	1	2	1	1	1	1	1	0	0	1	0	1	1	1	1	1	0	1	1	1
Flexistipes sinusarabici DSM 4947	0	0	1	0	0	0	1	0	0	0	0	0	0	0	0	0	1	0	1	3	1	1	1	1	1	0	1	1	0	0	0	0	1	1	0	2	1	2	0	1	1	1	1	1	1	1	1	1	1	1	1	0	1	1	0	1	1	2	1	1	0	1	1	1
Chlorobaculum tepidum TLS	0	0	0	0	0	0	1	0	0	0	0	0	0	0	0	0	1	1	1	4	1	1	1	1	1	1	1	1	0	1	1	1	1	1	1	2	1	2	0	1	1	1	1	1	1	1	1	1	2	1	1	0	0	1	0	1	1	2	1	1	0	1	1	1
Chloroflexus aurantiacus J-10-fl	0	0	0	0	0	0	0	0	0	0	0	0	0	0	0	0	1	1	1	4	1	1	1	1	0	1	1	1	0	1	1	1	1	1	1	1	1	2	1	1	1	1	1	1	1	1	1	1	1	1	1	0	0	1	1	1	1	1	1	1	0	1	1	1
Chloracidobacterium thermophilum B	0	0	0	0	0	0	1	0	0	0	0	0	0	0	0	0	1	1	1	3	1	1	1	1	1	1	1	1	0	1	1	1	1	1	1	1	1	1	0	1	1	1	1	1	1	1	1	1	1	1	1	0	0	1	1	1	1	1	1	1	0	1	1	1
Roseiflexus castenholzii DSM 13941	0	0	0	0	0	0	0	0	0	0	0	0	0	0	0	0	1	1	1	4	1	1	1	1	1	1	1	1	0	1	1	1	1	1	1	1	1	1	1	1	1	1	1	1	1	1	1	1	1	1	1	0	0	1	1	1	1	1	1	1	0	2	1	1
Truepera radiovictrix DSM 17093	0	0	0	0	0	0	1	0	0	0	0	0	0	0	0	0	1	1	1	3	1	1	1	1	1	1	1	1	0	0	1	1	1	1	1	1	1	1	0	1	1	1	1	1	1	2	1	1	1	1	1	0	0	1	0	1	1	1	1	1	0	1	1	1
Meiothermus silvanus DSM 9946	0	0	0	0	0	0	1	0	0	0	0	0	0	0	0	0	1	1	1	4	1	1	1	1	1	1	1	1	0	1	1	1	1	1	1	1	1	2	0	1	1	1	1	1	1	1	1	1	1	1	1	0	0	1	0	1	1	1	1	1	0	1	1	1
Natranaerobius thermophilus JW/NM-WN-LF	0	0	0	0	0	0	1	0	0	0	0	0	0	0	0	0	1	0	0	4	1	0	0	1	1	0	0	0	0	0	0	0	1	1	1	2	1	2	0	1	1	1	1	1	2	2	1	2	1	3	1	0	1	2	1	1	1	2	2	1	0	2	2	2
Kyrpidia tusciae DSM 2912	0	0	0	0	0	0	1	0	0	0	0	0	0	0	0	0	1	1	1	4	1	1	1	1	1	2	1	1	0	1	1	1	2	1	1	2	2	2	0	2	1	1	1	2	2	2	1	2	1	1	1	0	0	2	1	1	1	1	1	1	0	1	1	2
Mahella australiensis 50-1 BON	0	0	0	0	0	0	1	0	0	0	0	0	0	0	0	0	1	1	1	3	1	1	1	1	1	1	1	1	0	1	1	1	1	1	1	1	1	2	0	1	1	1	1	1	1	1	1	1	1	1	1	0	0	1	0	1	1	1	1	1	0	1	1	2
Thermodesulfobium narugense DSM 14796	0	0	0	0	0	0	1	0	0	0	0	0	0	0	0	0	1	1	1	3	1	1	0	1	1	1	1	1	0	1	1	1	1	1	1	2	1	1	0	1	1	1	1	1	1	1	1	1	1	1	1	0	1	1	1	1	1	1	1	1	0	1	1	1
Thermobacillus composti KWC4	0	0	0	0	0	0	3	0	0	0	0	0	0	0	0	0	1	0	2	5	1	1	1	1	1	0	1	1	0	0	0	1	1	1	2	2	1	3	0	1	1	1	1	1	1	2	1	3	1	2	1	0	0	1	0	1	1	2	1	1	0	3	2	2
Hippea maritima DSM 10411	0	0	0	0	0	0	0	0	0	0	0	0	0	0	0	0	1	1	1	3	1	1	1	1	1	1	1	1	0	1	1	1	1	1	1	2	1	1	1	1	1	1	1	1	1	1	1	1	1	1	1	0	0	1	1	1	1	2	1	1	0	1	1	1
Thermanaerovibrio acidaminovorans DSM 6589	0	0	0	0	0	0	1	0	0	0	0	0	0	0	0	0	1	1	1	4	1	1	1	1	1	1	1	1	0	2	1	2	1	1	1	1	1	1	0	1	1	1	1	1	1	1	1	1	1	1	1	0	1	1	1	1	1	1	1	1	0	1	1	1
Acetomicrobium mobile DSM 13181	0	0	0	0	0	0	1	0	0	0	0	0	0	0	0	0	1	1	1	3	1	1	1	1	1	1	1	1	0	1	1	1	1	1	1	1	1	1	0	1	1	1	1	1	1	1	1	1	1	1	1	0	1	1	1	1	1	1	1	1	0	1	1	1
Thermovirga lienii DSM 17291	0	0	0	0	0	0	1	0	0	0	0	0	0	0	0	0	1	1	1	3	1	1	1	1	1	1	1	1	0	1	1	2	1	1	1	1	1	1	0	1	1	1	1	1	1	1	1	1	1	1	1	0	1	1	1	1	1	1	1	1	0	1	1	1
Acidothermus cellulolyticus 11B	0	0	0	0	0	0	1	0	0	0	0	0	0	0	0	0	1	1	1	3	1	1	1	1	1	1	1	1	0	1	1	1	1	1	1	1	1	1	0	1	1	1	1	1	1	1	1	1	1	1	1	0	0	1	0	1	1	1	1	1	0	1	1	1
Chloroflexus aggregans DSM 9485	0	0	0	0	0	0	0	0	0	0	0	0	0	0	0	0	1	1	1	3	1	1	1	1	1	1	1	1	0	1	1	1	1	1	1	1	1	2	1	1	1	1	1	1	1	1	1	1	1	1	1	0	1	1	1	1	1	1	1	1	0	1	1	1
Anaerolinea thermophila UNI-1	0	0	0	0	0	0	0	0	0	0	0	0	0	0	0	0	1	1	1	4	1	1	1	1	1	1	1	1	0	1	1	1	1	1	1	1	1	1	1	1	1	1	1	1	1	2	1	1	1	1	1	0	0	1	1	1	1	1	1	1	0	1	1	1
Sphaerobacter thermophilus DSM 20745	0	0	0	0	0	0	0	0	0	0	0	0	0	0	0	0	1	1	1	4	1	1	1	1	1	1	1	1	0	2	1	1	1	1	1	1	1	1	1	1	1	1	1	1	1	2	1	1	1	1	1	0	1	1	1	1	1	1	1	1	0	1	1	1
Thermoanaerobacterium thermosaccharolyticum M0795	0	0	0	0	0	0	1	0	0	0	0	0	0	0	0	0	1	1	1	4	1	1	1	1	1	1	1	1	0	1	1	1	2	1	1	2	1	2	0	1	1	1	1	1	2	2	1	3	1	2	1	0	0	1	0	1	1	2	1	1	0	2	1	2
Syntrophothermus lipocalidus DSM 12680	0	0	0	0	0	0	1	0	0	0	0	0	0	0	0	0	1	1	1	3	1	1	1	1	1	1	1	1	0	0	1	1	1	1	1	1	1	2	0	1	1	1	1	1	1	1	1	1	1	1	1	0	1	1	0	1	1	1	1	1	0	1	1	1
Acetivibrio clariflavus DSM 19732	0	0	0	0	0	0	1	0	0	0	0	0	0	0	0	0	1	0	1	4	1	1	2	1	1	0	1	1	0	1	1	1	2	1	1	1	1	2	0	1	1	1	1	1	2	2	1	3	1	3	1	0	0	2	0	1	1	2	1	2	0	2	2	3
Petrotoga mobilis SJ95	0	0	0	0	0	0	0	0	0	0	0	0	0	0	0	0	1	1	1	3	1	1	1	1	1	1	1	1	0	1	1	1	1	1	1	1	1	2	1	1	1	1	1	1	1	2	1	1	1	1	1	0	0	1	1	1	1	1	1	1	0	1	1	1
Calditerrivibrio nitroreducens DSM 19672	0	0	1	0	0	0	1	0	0	0	0	0	0	0	0	0	1	0	1	3	1	1	1	1	0	0	1	0	0	0	0	0	1	1	0	2	1	1	0	1	1	1	1	1	1	1	1	1	1	1	1	0	0	1	0	1	1	2	1	1	0	1	1	1
Coprothermobacter proteolyticus DSM 5265	0	0	0	0	0	0	1	0	0	0	0	0	0	0	0	0	1	1	1	3	1	1	1	1	1	1	1	1	0	1	1	1	1	1	1	1	1	1	0	1	1	1	1	1	1	1	1	1	1	1	1	0	1	1	1	1	1	1	1	1	0	1	1	1
Thermodesulfovibrio yellowstonii DSM 11347	0	0	0	0	0	0	1	0	0	0	0	0	0	0	0	0	1	1	1	3	1	1	1	1	2	1	1	1	0	1	1	1	1	1	1	1	1	1	0	1	1	1	1	1	1	1	1	1	1	1	1	0	1	1	0	1	1	1	2	1	0	1	1	1
Rubrobacter xylanophilus DSM 9941	0	0	0	0	0	0	1	0	0	0	0	0	0	0	0	0	1	1	1	3	1	1	1	1	1	1	1	1	0	1	1	1	1	1	1	1	1	1	0	1	1	1	1	1	1	1	1	1	1	1	1	0	0	1	0	1	1	1	1	1	0	1	1	1
Oceanithermus profundus DSM 14977	0	0	0	0	0	0	1	0	0	0	0	0	0	0	0	0	1	1	1	3	1	1	1	1	1	1	1	1	0	1	1	1	1	1	1	1	1	1	0	1	1	1	1	1	1	2	1	1	1	1	1	0	0	1	0	1	1	1	1	1	0	1	1	1
Halothermothrix orenii H 168	0	0	0	0	0	0	1	0	0	0	0	0	0	0	0	0	1	0	1	4	2	1	1	1	1	0	1	1	0	0	1	1	2	1	1	2	1	2	0	1	1	1	1	1	2	2	1	2	2	2	1	0	0	1	0	1	1	2	1	1	0	3	1	2
Symbiobacterium thermophilum IAM 14863	0	0	0	0	0	0	2	0	0	0	0	0	0	0	0	0	1	3	4	6	2	2	2	1	2	3	2	2	0	3	2	4	3	3	2	4	2	4	0	2	2	4	2	3	3	4	2	3	1	1	1	0	1	1	0	1	1	1	1	1	0	2	1	1
Alicyclobacillus acidocaldarius subsp. acidocaldarius DSM 446	0	0	0	0	0	0	2	0	0	0	0	0	0	0	0	0	1	1	1	4	1	1	1	1	1	1	1	2	0	2	1	1	2	2	1	2	1	3	0	1	1	1	1	2	1	2	1	3	1	1	1	0	0	3	0	1	1	2	1	2	0	2	1	1
Thermoanaerobacterium xylanolyticum LX-11	0	0	0	0	0	0	1	0	0	0	0	0	0	0	0	0	1	1	1	4	1	1	1	1	1	1	1	1	0	1	1	1	2	1	1	2	1	2	0	1	1	1	1	1	2	2	1	3	1	2	1	0	0	1	0	1	1	2	1	1	0	2	1	2
Spirochaeta thermophila DSM 6578	0	0	0	0	0	0	0	0	0	0	0	0	0	0	0	0	1	1	1	3	1	1	1	1	1	1	1	1	0	1	1	1	1	1	1	1	1	1	1	1	1	1	1	1	1	1	1	1	1	1	1	0	0	1	1	1	1	1	1	1	0	1	1	1
Caldicellulosiruptor saccharolyticus DSM 8903	0	0	0	0	0	0	1	0	0	0	0	0	0	0	0	0	1	0	1	3	1	1	0	1	1	0	1	1	0	1	1	1	1	1	1	2	1	1	0	1	1	0	1	1	1	1	1	1	1	1	1	0	0	1	1	1	1	2	1	1	0	2	1	2
Thermoanaerobacter italicus Ab9	0	0	0	0	0	0	1	0	0	0	0	0	0	0	0	0	1	1	1	4	1	1	1	1	1	0	1	1	0	1	1	1	2	1	1	0	1	2	0	1	1	1	1	1	2	2	1	3	1	2	1	0	0	1	1	1	1	1	1	1	0	2	1	2
Caldicellulosiruptor hydrothermalis 108	0	0	0	0	0	0	1	0	0	0	0	0	0	0	0	0	1	0	1	3	1	1	0	1	1	0	1	1	0	1	1	1	1	1	1	2	1	1	0	1	2	0	1	1	1	1	2	1	1	1	1	0	0	1	1	1	1	2	1	1	0	2	1	2
Thermoanaerobacter wiegelii Rt8.B1	0	0	0	0	0	0	1	0	0	0	0	0	0	0	0	0	1	1	1	4	1	1	1	1	1	1	1	1	0	1	1	1	2	1	1	1	1	2	0	1	1	1	1	1	2	2	1	3	1	2	1	0	0	1	1	1	1	2	1	1	0	2	1	2
Pseudothermotoga lettingae TMO	0	0	0	0	0	0	0	0	0	0	0	0	0	0	0	0	1	1	1	3	1	1	1	1	1	1	1	1	0	1	1	1	1	1	1	1	1	1	1	1	1	1	1	1	1	1	1	1	1	1	1	0	0	1	1	1	1	1	1	1	0	1	1	1
Marinitoga piezophila KA3	0	0	0	0	0	0	0	0	0	0	0	0	0	0	0	0	1	0	1	5	1	1	0	1	1	0	1	1	0	1	1	1	2	1	1	1	1	1	1	1	1	1	1	1	1	1	1	1	2	2	1	0	0	1	1	1	1	2	2	1	0	2	1	1
Kosmotoga olearia TBF 19.5.1	0	0	0	0	0	0	0	0	0	0	0	0	0	0	0	0	1	1	1	3	1	1	1	1	1	1	1	1	0	1	1	1	1	1	1	1	1	1	1	1	1	1	1	1	1	1	1	1	1	1	1	0	0	1	1	1	1	1	1	1	0	1	1	1
Fervidobacterium pennivorans DSM 9078	0	0	0	0	0	0	0	0	0	0	0	0	0	0	0	0	1	1	1	3	1	1	1	1	1	1	1	1	0	1	1	1	1	1	1	2	1	1	1	1	1	1	1	1	1	1	1	1	1	1	1	0	0	1	1	1	1	2	1	1	0	1	1	1
Carboxydothermus hydrogenoformans Z-2901	0	0	0	0	0	0	1	0	0	0	0	0	0	0	0	0	1	1	1	3	1	2	1	1	1	1	1	1	0	0	0	0	1	1	1	1	1	2	0	1	1	1	1	1	1	1	1	2	1	1	1	0	1	1	0	1	1	1	1	1	0	2	2	2
Rhodothermus marinus DSM 4252	0	0	0	0	0	0	1	0	0	0	0	0	0	0	0	0	1	1	1	3	1	1	1	1	1	1	1	1	0	1	1	1	1	1	1	1	1	1	0	1	1	1	1	1	1	1	1	1	1	1	1	0	0	1	0	1	1	1	1	1	0	1	1	1
Thermus thermophilus HB8	0	0	0	0	0	0	1	0	0	0	0	0	0	0	0	0	1	1	1	3	1	1	1	1	1	1	1	1	0	2	1	1	1	1	1	1	1	2	0	1	1	1	1	1	1	1	1	1	1	1	1	0	0	1	0	1	1	1	1	1	0	1	1	1
Sulfurihydrogenibium azorense Az-Fu1	0	0	0	0	0	0	1	0	0	0	0	0	0	0	0	0	1	0	0	3	1	0	1	1	0	0	0	0	0	0	0	0	1	1	1	2	1	1	0	1	1	1	1	1	1	1	1	1	1	1	1	0	0	1	0	1	1	2	1	1	0	2	1	2
Thermosediminibacter oceani DSM 16646	0	0	0	0	0	0	1	0	0	0	0	0	0	0	0	0	1	1	1	4	1	1	1	1	1	1	1	1	0	1	1	1	1	1	1	1	1	1	0	1	1	1	1	1	2	1	1	1	1	1	1	0	1	2	0	1	1	1	1	1	0	2	1	2
Persephonella marina EX-H1	0	0	0	0	0	0	1	0	0	0	0	0	0	0	0	0	1	0	1	3	2	0	1	0	0	0	0	0	0	0	0	0	1	1	1	2	1	1	0	1	1	1	1	1	1	1	1	1	1	1	1	0	0	1	0	1	1	2	1	1	0	2	1	2
Desulfurobacterium thermolithotrophum DSM 11699	0	0	0	0	0	0	1	0	0	0	0	0	0	0	0	0	1	0	1	3	1	0	1	1	1	0	0	1	0	0	0	0	1	1	1	1	1	2	0	1	1	1	1	1	1	1	1	1	1	1	1	0	1	2	0	1	1	1	1	1	0	2	1	2
Dictyoglomus thermophilum H-6-12	0	0	0	0	0	0	1	0	0	0	0	0	0	0	0	0	1	1	1	3	1	1	1	1	1	1	1	1	0	1	1	1	1	1	1	1	1	1	0	1	1	1	1	1	1	1	1	1	1	1	1	0	0	1	1	1	1	1	1	1	0	1	1	1
Thermomicrobium roseum DSM 5159	0	0	0	0	0	0	0	0	0	0	0	0	0	0	0	0	1	1	1	4	1	1	1	1	1	1	1	1	0	1	1	1	1	1	1	1	1	1	1	1	1	1	1	1	2	1	1	1	1	1	1	0	1	1	1	1	1	1	1	1	0	1	1	1
Marinithermus hydrothermalis DSM 14884	0	0	0	0	0	0	1	0	0	0	0	0	0	0	0	0	1	1	2	4	1	1	1	1	1	1	1	1	0	1	1	1	1	2	1	1	1	2	0	1	1	1	1	1	1	2	1	1	1	1	1	0	0	1	0	1	1	1	1	1	0	1	1	1
Ammonifex degensii KC4	0	0	0	0	0	0	1	0	0	0	0	0	0	0	0	0	1	1	1	3	1	1	1	1	1	1	1	1	0	1	1	1	1	1	1	1	1	1	0	1	1	1	1	1	1	1	1	2	1	1	1	0	1	1	0	1	1	1	1	1	0	1	1	1
Caldicellulosiruptor owensensis OL	0	0	0	0	0	0	1	0	0	0	0	0	0	0	0	0	1	0	1	3	1	1	0	1	1	0	1	1	0	1	1	1	1	1	1	2	1	1	0	1	1	0	1	1	1	1	2	1	1	1	1	0	0	1	1	1	1	2	1	1	0	2	1	2
Caldicellulosiruptor kristjanssonii I77R1B	0	0	0	0	0	0	1	0	0	0	0	0	0	0	0	0	1	0	1	3	1	1	0	1	1	0	1	1	0	1	1	1	1	1	1	2	1	1	0	1	1	0	1	1	1	1	2	1	1	1	1	0	0	1	1	1	1	2	1	1	0	2	1	2
Caldicellulosiruptor kronotskyensis 2002	0	0	0	0	0	0	1	0	0	0	0	0	0	0	0	0	1	0	1	3	1	1	0	1	1	0	1	1	0	1	1	1	1	1	1	2	1	1	0	1	1	0	1	1	1	1	1	1	1	1	1	0	0	1	1	1	1	2	1	1	0	2	1	2
Thermodesulfatator indicus DSM 15286	0	0	0	0	0	0	1	0	0	0	0	0	0	0	0	0	1	1	1	3	1	1	1	1	1	1	1	1	0	1	1	1	1	1	1	2	1	1	0	1	1	1	1	1	1	1	1	1	1	1	1	0	1	1	1	1	1	2	1	1	0	1	1	1
Fervidobacterium nodosum Rt17-B1	0	0	0	0	0	0	0	0	0	0	0	0	0	0	0	0	1	1	1	3	1	1	1	1	1	1	1	2	0	1	1	1	1	1	1	2	1	1	1	1	1	1	1	1	1	1	1	2	1	1	1	0	0	1	1	1	1	2	1	1	0	1	1	1
Pseudothermotoga thermarum DSM 5069	0	0	0	0	0	0	0	0	0	0	0	0	0	0	0	0	1	1	1	3	1	1	1	1	1	1	1	1	0	1	1	1	1	1	1	1	1	1	1	1	1	1	1	1	1	1	1	1	1	1	1	0	0	1	1	1	1	1	1	1	0	1	1	1
Thermovibrio ammonificans HB-1	0	0	0	0	0	0	1	0	0	0	0	0	0	0	0	0	1	0	1	3	1	1	1	1	1	0	1	1	0	0	0	0	1	1	1	2	1	2	0	1	1	1	1	1	1	1	1	1	1	1	1	0	1	1	0	1	1	2	1	1	0	2	1	2
Dictyoglomus turgidum DSM 6724	0	0	0	0	0	0	1	0	0	0	0	0	0	0	0	0	1	1	1	3	1	1	1	1	1	1	1	1	0	1	1	1	1	1	1	1	1	1	0	1	1	1	1	1	1	1	1	1	1	1	1	0	0	1	1	1	1	1	1	1	0	1	1	1
Caldanaerobacter subterraneus subsp. tengcongensis MB4	0	0	0	0	0	0	1	0	0	0	0	0	0	0	0	0	1	1	1	4	1	1	1	1	1	0	1	1	0	1	1	1	2	1	1	1	1	2	0	1	1	1	1	1	2	2	1	3	1	2	1	0	1	1	0	1	1	2	1	1	0	2	1	2
Thermaerobacter marianensis DSM 12885	0	0	0	0	0	0	1	0	0	0	0	0	0	0	0	0	1	1	1	3	1	1	1	1	1	1	1	1	0	1	1	1	1	1	1	2	1	2	0	1	1	2	1	1	1	1	1	1	1	1	1	0	1	1	0	1	1	2	1	1	0	1	1	1
Caldicellulosiruptor obsidiansis OB47	0	0	0	0	0	0	1	0	0	0	0	0	0	0	0	0	1	0	1	3	1	1	0	1	1	0	1	1	0	1	1	1	1	1	1	2	1	1	0	1	1	0	1	1	1	1	1	1	1	1	1	0	0	1	1	1	1	2	1	1	0	2	1	2
Thermosipho africanus TCF52B	0	0	0	0	0	0	0	0	0	0	0	0	0	0	0	0	1	1	1	3	1	1	1	1	1	1	1	1	0	1	1	1	1	1	1	1	1	1	1	1	1	1	1	1	1	2	1	2	1	1	1	0	0	1	1	1	1	1	1	1	0	1	1	1
Thermotoga neapolitana DSM 4359	0	0	0	0	0	0	0	0	0	0	0	0	0	0	0	0	1	1	1	3	1	1	1	1	1	1	1	1	0	1	1	1	1	1	1	1	1	1	1	1	1	1	1	1	1	1	2	1	1	1	1	0	0	1	2	1	1	1	1	1	0	1	1	1
Thermocrinis albus DSM 14484	0	0	0	0	0	0	1	0	0	0	0	0	0	0	0	0	1	1	1	3	1	1	1	1	1	1	1	1	0	0	0	1	1	1	1	1	1	1	0	1	1	1	1	1	1	1	1	1	1	1	1	0	1	1	0	1	1	1	1	1	0	1	1	1
